--
-- PostgreSQL database dump
--

-- Dumped from database version 15.13
-- Dumped by pg_dump version 17.5 (Debian 17.5-1)

SET statement_timeout = 0;
SET lock_timeout = 0;
SET idle_in_transaction_session_timeout = 0;
SET transaction_timeout = 0;
SET client_encoding = 'UTF8';
SET standard_conforming_strings = on;
SELECT pg_catalog.set_config('search_path', '', false);
SET check_function_bodies = false;
SET xmloption = content;
SET client_min_messages = warning;
SET row_security = off;

SET default_tablespace = '';

SET default_table_access_method = heap;

--
-- Name: allinventory_brand; Type: TABLE; Schema: public; Owner: amakonana
--

CREATE TABLE public.allinventory_brand (
    id bigint NOT NULL,
    name character varying(255) NOT NULL,
    stock double precision,
    count integer,
    branch_id bigint,
    enterprise_id bigint NOT NULL
);


ALTER TABLE public.allinventory_brand OWNER TO amakonana;

--
-- Name: allinventory_brand_id_seq; Type: SEQUENCE; Schema: public; Owner: amakonana
--

ALTER TABLE public.allinventory_brand ALTER COLUMN id ADD GENERATED BY DEFAULT AS IDENTITY (
    SEQUENCE NAME public.allinventory_brand_id_seq
    START WITH 1
    INCREMENT BY 1
    NO MINVALUE
    NO MAXVALUE
    CACHE 1
);


--
-- Name: allinventory_manufacture; Type: TABLE; Schema: public; Owner: amakonana
--

CREATE TABLE public.allinventory_manufacture (
    id bigint NOT NULL,
    date date,
    branch_id bigint,
    enterprise_id bigint NOT NULL
);


ALTER TABLE public.allinventory_manufacture OWNER TO amakonana;

--
-- Name: allinventory_manufacture_id_seq; Type: SEQUENCE; Schema: public; Owner: amakonana
--

ALTER TABLE public.allinventory_manufacture ALTER COLUMN id ADD GENERATED BY DEFAULT AS IDENTITY (
    SEQUENCE NAME public.allinventory_manufacture_id_seq
    START WITH 1
    INCREMENT BY 1
    NO MINVALUE
    NO MAXVALUE
    CACHE 1
);


--
-- Name: allinventory_manufactureitem; Type: TABLE; Schema: public; Owner: amakonana
--

CREATE TABLE public.allinventory_manufactureitem (
    id bigint NOT NULL,
    quantity integer,
    manufacture_id bigint NOT NULL,
    product_id bigint NOT NULL,
    unit_price double precision
);


ALTER TABLE public.allinventory_manufactureitem OWNER TO amakonana;

--
-- Name: allinventory_manufactureitem_id_seq; Type: SEQUENCE; Schema: public; Owner: amakonana
--

ALTER TABLE public.allinventory_manufactureitem ALTER COLUMN id ADD GENERATED BY DEFAULT AS IDENTITY (
    SEQUENCE NAME public.allinventory_manufactureitem_id_seq
    START WITH 1
    INCREMENT BY 1
    NO MINVALUE
    NO MAXVALUE
    CACHE 1
);


--
-- Name: allinventory_product; Type: TABLE; Schema: public; Owner: amakonana
--

CREATE TABLE public.allinventory_product (
    id bigint NOT NULL,
    name character varying(255) NOT NULL,
    uid character varying(12) NOT NULL,
    cost_price double precision,
    selling_price double precision,
    stock integer,
    count integer,
    print_pattern character varying(100),
    branch_id bigint,
    brand_id bigint NOT NULL,
    enterprise_id bigint NOT NULL
);


ALTER TABLE public.allinventory_product OWNER TO amakonana;

--
-- Name: allinventory_product_id_seq; Type: SEQUENCE; Schema: public; Owner: amakonana
--

ALTER TABLE public.allinventory_product ALTER COLUMN id ADD GENERATED BY DEFAULT AS IDENTITY (
    SEQUENCE NAME public.allinventory_product_id_seq
    START WITH 1
    INCREMENT BY 1
    NO MINVALUE
    NO MAXVALUE
    CACHE 1
);


--
-- Name: allinventory_product_vendor; Type: TABLE; Schema: public; Owner: amakonana
--

CREATE TABLE public.allinventory_product_vendor (
    id bigint NOT NULL,
    product_id bigint NOT NULL,
    vendor_id bigint NOT NULL
);


ALTER TABLE public.allinventory_product_vendor OWNER TO amakonana;

--
-- Name: allinventory_product_vendor_id_seq; Type: SEQUENCE; Schema: public; Owner: amakonana
--

ALTER TABLE public.allinventory_product_vendor ALTER COLUMN id ADD GENERATED BY DEFAULT AS IDENTITY (
    SEQUENCE NAME public.allinventory_product_vendor_id_seq
    START WITH 1
    INCREMENT BY 1
    NO MINVALUE
    NO MAXVALUE
    CACHE 1
);


--
-- Name: alltransactions_customer; Type: TABLE; Schema: public; Owner: amakonana
--

CREATE TABLE public.alltransactions_customer (
    name character varying(255) NOT NULL,
    phone_number character varying(10) NOT NULL,
    total_spent double precision,
    enterprise_id bigint NOT NULL
);


ALTER TABLE public.alltransactions_customer OWNER TO amakonana;

--
-- Name: alltransactions_debtor; Type: TABLE; Schema: public; Owner: amakonana
--

CREATE TABLE public.alltransactions_debtor (
    id bigint NOT NULL,
    name character varying(255) NOT NULL,
    phone_number character varying(10) NOT NULL,
    due double precision,
    branch_id bigint,
    enterprise_id bigint NOT NULL
);


ALTER TABLE public.alltransactions_debtor OWNER TO amakonana;

--
-- Name: alltransactions_debtor_id_seq; Type: SEQUENCE; Schema: public; Owner: amakonana
--

ALTER TABLE public.alltransactions_debtor ALTER COLUMN id ADD GENERATED BY DEFAULT AS IDENTITY (
    SEQUENCE NAME public.alltransactions_debtor_id_seq
    START WITH 1
    INCREMENT BY 1
    NO MINVALUE
    NO MAXVALUE
    CACHE 1
);


--
-- Name: alltransactions_debtortransaction; Type: TABLE; Schema: public; Owner: amakonana
--

CREATE TABLE public.alltransactions_debtortransaction (
    id bigint NOT NULL,
    date date NOT NULL,
    amount double precision,
    method character varying(20) NOT NULL,
    cheque_number character varying(255),
    cashout_date date,
    type character varying(20) NOT NULL,
    "desc" character varying(255),
    inventory character varying(20),
    due double precision,
    branch_id bigint,
    debtor_id bigint NOT NULL,
    enterprise_id bigint NOT NULL,
    all_sales_transaction_id bigint
);


ALTER TABLE public.alltransactions_debtortransaction OWNER TO amakonana;

--
-- Name: alltransactions_debtortransaction_id_seq; Type: SEQUENCE; Schema: public; Owner: amakonana
--

ALTER TABLE public.alltransactions_debtortransaction ALTER COLUMN id ADD GENERATED BY DEFAULT AS IDENTITY (
    SEQUENCE NAME public.alltransactions_debtortransaction_id_seq
    START WITH 1
    INCREMENT BY 1
    NO MINVALUE
    NO MAXVALUE
    CACHE 1
);


--
-- Name: alltransactions_purchase; Type: TABLE; Schema: public; Owner: amakonana
--

CREATE TABLE public.alltransactions_purchase (
    id bigint NOT NULL,
    quantity integer NOT NULL,
    unit_price double precision NOT NULL,
    total_price double precision,
    returned boolean NOT NULL,
    returned_quantity integer,
    product_id bigint NOT NULL,
    purchase_return_id bigint,
    purchase_transaction_id bigint NOT NULL
);


ALTER TABLE public.alltransactions_purchase OWNER TO amakonana;

--
-- Name: alltransactions_purchase_id_seq; Type: SEQUENCE; Schema: public; Owner: amakonana
--

ALTER TABLE public.alltransactions_purchase ALTER COLUMN id ADD GENERATED BY DEFAULT AS IDENTITY (
    SEQUENCE NAME public.alltransactions_purchase_id_seq
    START WITH 1
    INCREMENT BY 1
    NO MINVALUE
    NO MAXVALUE
    CACHE 1
);


--
-- Name: alltransactions_purchasereturn; Type: TABLE; Schema: public; Owner: amakonana
--

CREATE TABLE public.alltransactions_purchasereturn (
    id bigint NOT NULL,
    date date NOT NULL,
    branch_id bigint,
    enterprise_id bigint NOT NULL,
    purchase_transaction_id bigint NOT NULL
);


ALTER TABLE public.alltransactions_purchasereturn OWNER TO amakonana;

--
-- Name: alltransactions_purchasereturn_id_seq; Type: SEQUENCE; Schema: public; Owner: amakonana
--

ALTER TABLE public.alltransactions_purchasereturn ALTER COLUMN id ADD GENERATED BY DEFAULT AS IDENTITY (
    SEQUENCE NAME public.alltransactions_purchasereturn_id_seq
    START WITH 1
    INCREMENT BY 1
    NO MINVALUE
    NO MAXVALUE
    CACHE 1
);


--
-- Name: alltransactions_purchasetransaction; Type: TABLE; Schema: public; Owner: amakonana
--

CREATE TABLE public.alltransactions_purchasetransaction (
    id bigint NOT NULL,
    bill_no character varying(20) NOT NULL,
    total_amount double precision,
    date date NOT NULL,
    method character varying(20) NOT NULL,
    cheque_number character varying(10),
    cashout_date date,
    branch_id bigint,
    enterprise_id bigint NOT NULL,
    vendor_id bigint
);


ALTER TABLE public.alltransactions_purchasetransaction OWNER TO amakonana;

--
-- Name: alltransactions_purchasetransaction_id_seq; Type: SEQUENCE; Schema: public; Owner: amakonana
--

ALTER TABLE public.alltransactions_purchasetransaction ALTER COLUMN id ADD GENERATED BY DEFAULT AS IDENTITY (
    SEQUENCE NAME public.alltransactions_purchasetransaction_id_seq
    START WITH 1
    INCREMENT BY 1
    NO MINVALUE
    NO MAXVALUE
    CACHE 1
);


--
-- Name: alltransactions_sales; Type: TABLE; Schema: public; Owner: amakonana
--

CREATE TABLE public.alltransactions_sales (
    id bigint NOT NULL,
    quantity integer NOT NULL,
    unit_price double precision NOT NULL,
    total_price double precision,
    discount double precision NOT NULL,
    returned boolean NOT NULL,
    returned_quantity integer,
    product_id bigint NOT NULL,
    sales_return_id bigint,
    sales_transaction_id bigint NOT NULL
);


ALTER TABLE public.alltransactions_sales OWNER TO amakonana;

--
-- Name: alltransactions_sales_id_seq; Type: SEQUENCE; Schema: public; Owner: amakonana
--

ALTER TABLE public.alltransactions_sales ALTER COLUMN id ADD GENERATED BY DEFAULT AS IDENTITY (
    SEQUENCE NAME public.alltransactions_sales_id_seq
    START WITH 1
    INCREMENT BY 1
    NO MINVALUE
    NO MAXVALUE
    CACHE 1
);


--
-- Name: alltransactions_salesreturn; Type: TABLE; Schema: public; Owner: amakonana
--

CREATE TABLE public.alltransactions_salesreturn (
    id bigint NOT NULL,
    date date NOT NULL,
    branch_id bigint,
    enterprise_id bigint NOT NULL,
    sales_transaction_id bigint NOT NULL
);


ALTER TABLE public.alltransactions_salesreturn OWNER TO amakonana;

--
-- Name: alltransactions_salesreturn_id_seq; Type: SEQUENCE; Schema: public; Owner: amakonana
--

ALTER TABLE public.alltransactions_salesreturn ALTER COLUMN id ADD GENERATED BY DEFAULT AS IDENTITY (
    SEQUENCE NAME public.alltransactions_salesreturn_id_seq
    START WITH 1
    INCREMENT BY 1
    NO MINVALUE
    NO MAXVALUE
    CACHE 1
);


--
-- Name: alltransactions_salestransaction; Type: TABLE; Schema: public; Owner: amakonana
--

CREATE TABLE public.alltransactions_salestransaction (
    id bigint NOT NULL,
    name character varying(255),
    phone_number character varying(10),
    total_amount double precision,
    date date NOT NULL,
    bill_no integer NOT NULL,
    subtotal double precision,
    method character varying(20) NOT NULL,
    credited_amount double precision,
    amount_paid double precision,
    branch_id bigint,
    debtor_id bigint,
    enterprise_id bigint NOT NULL
);


ALTER TABLE public.alltransactions_salestransaction OWNER TO amakonana;

--
-- Name: alltransactions_salestransaction_id_seq; Type: SEQUENCE; Schema: public; Owner: amakonana
--

ALTER TABLE public.alltransactions_salestransaction ALTER COLUMN id ADD GENERATED BY DEFAULT AS IDENTITY (
    SEQUENCE NAME public.alltransactions_salestransaction_id_seq
    START WITH 1
    INCREMENT BY 1
    NO MINVALUE
    NO MAXVALUE
    CACHE 1
);


--
-- Name: alltransactions_staff; Type: TABLE; Schema: public; Owner: amakonana
--

CREATE TABLE public.alltransactions_staff (
    id bigint NOT NULL,
    name character varying(255) NOT NULL,
    phone_number character varying(10),
    due double precision,
    branch_id bigint,
    enterprise_id bigint NOT NULL
);


ALTER TABLE public.alltransactions_staff OWNER TO amakonana;

--
-- Name: alltransactions_staff_id_seq; Type: SEQUENCE; Schema: public; Owner: amakonana
--

ALTER TABLE public.alltransactions_staff ALTER COLUMN id ADD GENERATED BY DEFAULT AS IDENTITY (
    SEQUENCE NAME public.alltransactions_staff_id_seq
    START WITH 1
    INCREMENT BY 1
    NO MINVALUE
    NO MAXVALUE
    CACHE 1
);


--
-- Name: alltransactions_stafftransactions; Type: TABLE; Schema: public; Owner: amakonana
--

CREATE TABLE public.alltransactions_stafftransactions (
    id bigint NOT NULL,
    date date NOT NULL,
    amount double precision,
    "desc" character varying(255) NOT NULL,
    branch_id bigint,
    enterprise_id bigint NOT NULL,
    staff_id bigint NOT NULL
);


ALTER TABLE public.alltransactions_stafftransactions OWNER TO amakonana;

--
-- Name: alltransactions_stafftransactions_id_seq; Type: SEQUENCE; Schema: public; Owner: amakonana
--

ALTER TABLE public.alltransactions_stafftransactions ALTER COLUMN id ADD GENERATED BY DEFAULT AS IDENTITY (
    SEQUENCE NAME public.alltransactions_stafftransactions_id_seq
    START WITH 1
    INCREMENT BY 1
    NO MINVALUE
    NO MAXVALUE
    CACHE 1
);


--
-- Name: alltransactions_vendor; Type: TABLE; Schema: public; Owner: amakonana
--

CREATE TABLE public.alltransactions_vendor (
    id bigint NOT NULL,
    name character varying(255) NOT NULL,
    phone_number character varying(10),
    due double precision,
    branch_id bigint,
    enterprise_id bigint NOT NULL
);


ALTER TABLE public.alltransactions_vendor OWNER TO amakonana;

--
-- Name: alltransactions_vendor_id_seq; Type: SEQUENCE; Schema: public; Owner: amakonana
--

ALTER TABLE public.alltransactions_vendor ALTER COLUMN id ADD GENERATED BY DEFAULT AS IDENTITY (
    SEQUENCE NAME public.alltransactions_vendor_id_seq
    START WITH 1
    INCREMENT BY 1
    NO MINVALUE
    NO MAXVALUE
    CACHE 1
);


--
-- Name: alltransactions_vendortransactions; Type: TABLE; Schema: public; Owner: amakonana
--

CREATE TABLE public.alltransactions_vendortransactions (
    id bigint NOT NULL,
    date date NOT NULL,
    amount double precision,
    method character varying(20) NOT NULL,
    cheque_number character varying(255),
    cashout_date date,
    "desc" character varying(1000),
    base boolean NOT NULL,
    type character varying(20) NOT NULL,
    due double precision,
    bill_no character varying(20),
    branch_id bigint,
    enterprise_id bigint NOT NULL,
    purchase_transaction_id bigint,
    vendor_id bigint NOT NULL
);


ALTER TABLE public.alltransactions_vendortransactions OWNER TO amakonana;

--
-- Name: alltransactions_vendortransactions_id_seq; Type: SEQUENCE; Schema: public; Owner: amakonana
--

ALTER TABLE public.alltransactions_vendortransactions ALTER COLUMN id ADD GENERATED BY DEFAULT AS IDENTITY (
    SEQUENCE NAME public.alltransactions_vendortransactions_id_seq
    START WITH 1
    INCREMENT BY 1
    NO MINVALUE
    NO MAXVALUE
    CACHE 1
);


--
-- Name: auth_group; Type: TABLE; Schema: public; Owner: amakonana
--

CREATE TABLE public.auth_group (
    id integer NOT NULL,
    name character varying(150) NOT NULL
);


ALTER TABLE public.auth_group OWNER TO amakonana;

--
-- Name: auth_group_id_seq; Type: SEQUENCE; Schema: public; Owner: amakonana
--

ALTER TABLE public.auth_group ALTER COLUMN id ADD GENERATED BY DEFAULT AS IDENTITY (
    SEQUENCE NAME public.auth_group_id_seq
    START WITH 1
    INCREMENT BY 1
    NO MINVALUE
    NO MAXVALUE
    CACHE 1
);


--
-- Name: auth_group_permissions; Type: TABLE; Schema: public; Owner: amakonana
--

CREATE TABLE public.auth_group_permissions (
    id bigint NOT NULL,
    group_id integer NOT NULL,
    permission_id integer NOT NULL
);


ALTER TABLE public.auth_group_permissions OWNER TO amakonana;

--
-- Name: auth_group_permissions_id_seq; Type: SEQUENCE; Schema: public; Owner: amakonana
--

ALTER TABLE public.auth_group_permissions ALTER COLUMN id ADD GENERATED BY DEFAULT AS IDENTITY (
    SEQUENCE NAME public.auth_group_permissions_id_seq
    START WITH 1
    INCREMENT BY 1
    NO MINVALUE
    NO MAXVALUE
    CACHE 1
);


--
-- Name: auth_permission; Type: TABLE; Schema: public; Owner: amakonana
--

CREATE TABLE public.auth_permission (
    id integer NOT NULL,
    name character varying(255) NOT NULL,
    content_type_id integer NOT NULL,
    codename character varying(100) NOT NULL
);


ALTER TABLE public.auth_permission OWNER TO amakonana;

--
-- Name: auth_permission_id_seq; Type: SEQUENCE; Schema: public; Owner: amakonana
--

ALTER TABLE public.auth_permission ALTER COLUMN id ADD GENERATED BY DEFAULT AS IDENTITY (
    SEQUENCE NAME public.auth_permission_id_seq
    START WITH 1
    INCREMENT BY 1
    NO MINVALUE
    NO MAXVALUE
    CACHE 1
);


--
-- Name: django_admin_log; Type: TABLE; Schema: public; Owner: amakonana
--

CREATE TABLE public.django_admin_log (
    id integer NOT NULL,
    action_time timestamp with time zone NOT NULL,
    object_id text,
    object_repr character varying(200) NOT NULL,
    action_flag smallint NOT NULL,
    change_message text NOT NULL,
    content_type_id integer,
    user_id uuid NOT NULL,
    CONSTRAINT django_admin_log_action_flag_check CHECK ((action_flag >= 0))
);


ALTER TABLE public.django_admin_log OWNER TO amakonana;

--
-- Name: django_admin_log_id_seq; Type: SEQUENCE; Schema: public; Owner: amakonana
--

ALTER TABLE public.django_admin_log ALTER COLUMN id ADD GENERATED BY DEFAULT AS IDENTITY (
    SEQUENCE NAME public.django_admin_log_id_seq
    START WITH 1
    INCREMENT BY 1
    NO MINVALUE
    NO MAXVALUE
    CACHE 1
);


--
-- Name: django_content_type; Type: TABLE; Schema: public; Owner: amakonana
--

CREATE TABLE public.django_content_type (
    id integer NOT NULL,
    app_label character varying(100) NOT NULL,
    model character varying(100) NOT NULL
);


ALTER TABLE public.django_content_type OWNER TO amakonana;

--
-- Name: django_content_type_id_seq; Type: SEQUENCE; Schema: public; Owner: amakonana
--

ALTER TABLE public.django_content_type ALTER COLUMN id ADD GENERATED BY DEFAULT AS IDENTITY (
    SEQUENCE NAME public.django_content_type_id_seq
    START WITH 1
    INCREMENT BY 1
    NO MINVALUE
    NO MAXVALUE
    CACHE 1
);


--
-- Name: django_migrations; Type: TABLE; Schema: public; Owner: amakonana
--

CREATE TABLE public.django_migrations (
    id bigint NOT NULL,
    app character varying(255) NOT NULL,
    name character varying(255) NOT NULL,
    applied timestamp with time zone NOT NULL
);


ALTER TABLE public.django_migrations OWNER TO amakonana;

--
-- Name: django_migrations_id_seq; Type: SEQUENCE; Schema: public; Owner: amakonana
--

ALTER TABLE public.django_migrations ALTER COLUMN id ADD GENERATED BY DEFAULT AS IDENTITY (
    SEQUENCE NAME public.django_migrations_id_seq
    START WITH 1
    INCREMENT BY 1
    NO MINVALUE
    NO MAXVALUE
    CACHE 1
);


--
-- Name: django_session; Type: TABLE; Schema: public; Owner: amakonana
--

CREATE TABLE public.django_session (
    session_key character varying(40) NOT NULL,
    session_data text NOT NULL,
    expire_date timestamp with time zone NOT NULL
);


ALTER TABLE public.django_session OWNER TO amakonana;

--
-- Name: enterprise_branch; Type: TABLE; Schema: public; Owner: amakonana
--

CREATE TABLE public.enterprise_branch (
    id bigint NOT NULL,
    name character varying(255) NOT NULL,
    enterprise_id bigint NOT NULL
);


ALTER TABLE public.enterprise_branch OWNER TO amakonana;

--
-- Name: enterprise_branch_id_seq; Type: SEQUENCE; Schema: public; Owner: amakonana
--

ALTER TABLE public.enterprise_branch ALTER COLUMN id ADD GENERATED BY DEFAULT AS IDENTITY (
    SEQUENCE NAME public.enterprise_branch_id_seq
    START WITH 1
    INCREMENT BY 1
    NO MINVALUE
    NO MAXVALUE
    CACHE 1
);


--
-- Name: enterprise_enterprise; Type: TABLE; Schema: public; Owner: amakonana
--

CREATE TABLE public.enterprise_enterprise (
    id bigint NOT NULL,
    name character varying(255) NOT NULL
);


ALTER TABLE public.enterprise_enterprise OWNER TO amakonana;

--
-- Name: enterprise_enterprise_id_seq; Type: SEQUENCE; Schema: public; Owner: amakonana
--

ALTER TABLE public.enterprise_enterprise ALTER COLUMN id ADD GENERATED BY DEFAULT AS IDENTITY (
    SEQUENCE NAME public.enterprise_enterprise_id_seq
    START WITH 1
    INCREMENT BY 1
    NO MINVALUE
    NO MAXVALUE
    CACHE 1
);


--
-- Name: enterprise_person; Type: TABLE; Schema: public; Owner: amakonana
--

CREATE TABLE public.enterprise_person (
    user_id uuid NOT NULL,
    role character varying(10) NOT NULL,
    branch_id bigint,
    enterprise_id bigint NOT NULL
);


ALTER TABLE public.enterprise_person OWNER TO amakonana;

--
-- Name: order_order; Type: TABLE; Schema: public; Owner: amakonana
--

CREATE TABLE public.order_order (
    id bigint NOT NULL,
    customer_name character varying(255) NOT NULL,
    customer_phone character varying(15) NOT NULL,
    received_date date NOT NULL,
    total_amount double precision,
    advance_amount double precision,
    status character varying(50) NOT NULL,
    due_date date,
    branch_id bigint NOT NULL,
    enterprise_id bigint NOT NULL
);


ALTER TABLE public.order_order OWNER TO amakonana;

--
-- Name: order_order_id_seq; Type: SEQUENCE; Schema: public; Owner: amakonana
--

ALTER TABLE public.order_order ALTER COLUMN id ADD GENERATED BY DEFAULT AS IDENTITY (
    SEQUENCE NAME public.order_order_id_seq
    START WITH 1
    INCREMENT BY 1
    NO MINVALUE
    NO MAXVALUE
    CACHE 1
);


--
-- Name: order_orderitem; Type: TABLE; Schema: public; Owner: amakonana
--

CREATE TABLE public.order_orderitem (
    id bigint NOT NULL,
    order_id bigint NOT NULL
);


ALTER TABLE public.order_orderitem OWNER TO amakonana;

--
-- Name: order_orderitem_id_seq; Type: SEQUENCE; Schema: public; Owner: amakonana
--

ALTER TABLE public.order_orderitem ALTER COLUMN id ADD GENERATED BY DEFAULT AS IDENTITY (
    SEQUENCE NAME public.order_orderitem_id_seq
    START WITH 1
    INCREMENT BY 1
    NO MINVALUE
    NO MAXVALUE
    CACHE 1
);


--
-- Name: userauth_otp; Type: TABLE; Schema: public; Owner: amakonana
--

CREATE TABLE public.userauth_otp (
    id bigint NOT NULL,
    otp character varying(6) NOT NULL,
    email character varying(254) NOT NULL
);


ALTER TABLE public.userauth_otp OWNER TO amakonana;

--
-- Name: userauth_otp_id_seq; Type: SEQUENCE; Schema: public; Owner: amakonana
--

ALTER TABLE public.userauth_otp ALTER COLUMN id ADD GENERATED BY DEFAULT AS IDENTITY (
    SEQUENCE NAME public.userauth_otp_id_seq
    START WITH 1
    INCREMENT BY 1
    NO MINVALUE
    NO MAXVALUE
    CACHE 1
);


--
-- Name: userauth_user; Type: TABLE; Schema: public; Owner: amakonana
--

CREATE TABLE public.userauth_user (
    password character varying(128) NOT NULL,
    last_login timestamp with time zone,
    email character varying(255) NOT NULL,
    name character varying(50) NOT NULL,
    id uuid NOT NULL,
    is_active boolean NOT NULL,
    is_superuser boolean NOT NULL,
    is_staff boolean NOT NULL
);


ALTER TABLE public.userauth_user OWNER TO amakonana;

--
-- Name: userauth_user_groups; Type: TABLE; Schema: public; Owner: amakonana
--

CREATE TABLE public.userauth_user_groups (
    id bigint NOT NULL,
    user_id uuid NOT NULL,
    group_id integer NOT NULL
);


ALTER TABLE public.userauth_user_groups OWNER TO amakonana;

--
-- Name: userauth_user_groups_id_seq; Type: SEQUENCE; Schema: public; Owner: amakonana
--

ALTER TABLE public.userauth_user_groups ALTER COLUMN id ADD GENERATED BY DEFAULT AS IDENTITY (
    SEQUENCE NAME public.userauth_user_groups_id_seq
    START WITH 1
    INCREMENT BY 1
    NO MINVALUE
    NO MAXVALUE
    CACHE 1
);


--
-- Name: userauth_user_user_permissions; Type: TABLE; Schema: public; Owner: amakonana
--

CREATE TABLE public.userauth_user_user_permissions (
    id bigint NOT NULL,
    user_id uuid NOT NULL,
    permission_id integer NOT NULL
);


ALTER TABLE public.userauth_user_user_permissions OWNER TO amakonana;

--
-- Name: userauth_user_user_permissions_id_seq; Type: SEQUENCE; Schema: public; Owner: amakonana
--

ALTER TABLE public.userauth_user_user_permissions ALTER COLUMN id ADD GENERATED BY DEFAULT AS IDENTITY (
    SEQUENCE NAME public.userauth_user_user_permissions_id_seq
    START WITH 1
    INCREMENT BY 1
    NO MINVALUE
    NO MAXVALUE
    CACHE 1
);


--
-- Data for Name: allinventory_brand; Type: TABLE DATA; Schema: public; Owner: amakonana
--

INSERT INTO public.allinventory_brand VALUES (24, 'Moms', 0, 0, 1, 1);
INSERT INTO public.allinventory_brand VALUES (25, 'Shawls and Dasna sets', 0, 0, 1, 1);
INSERT INTO public.allinventory_brand VALUES (26, 'Night wears', 0, 0, 1, 1);
INSERT INTO public.allinventory_brand VALUES (27, 'Frocks sets', 0, 0, 1, 1);
INSERT INTO public.allinventory_brand VALUES (28, 'Extras', 0, 0, 1, 1);
INSERT INTO public.allinventory_brand VALUES (29, 'Daura Bhoto', 0, 0, 2, 1);
INSERT INTO public.allinventory_brand VALUES (30, 'Moms', 0, 0, 2, 1);
INSERT INTO public.allinventory_brand VALUES (31, 'Shawls and Dasna sets', 0, 0, 2, 1);
INSERT INTO public.allinventory_brand VALUES (32, 'Night wears', 0, 0, 2, 1);
INSERT INTO public.allinventory_brand VALUES (33, 'Frocks sets', 0, 0, 2, 1);
INSERT INTO public.allinventory_brand VALUES (34, 'Extras', 0, 0, 2, 1);
INSERT INTO public.allinventory_brand VALUES (23, 'Daura Bhoto', 6750, 5, 1, 1);


--
-- Data for Name: allinventory_manufacture; Type: TABLE DATA; Schema: public; Owner: amakonana
--

INSERT INTO public.allinventory_manufacture VALUES (2, '2025-08-15', 1, 1);


--
-- Data for Name: allinventory_manufactureitem; Type: TABLE DATA; Schema: public; Owner: amakonana
--

INSERT INTO public.allinventory_manufactureitem VALUES (7, 5, 2, 18, 1350);


--
-- Data for Name: allinventory_product; Type: TABLE DATA; Schema: public; Owner: amakonana
--

INSERT INTO public.allinventory_product VALUES (21, 'Daura bhoto 2 - 3 yrs', '208187857774', 1700, 1700, 0, 0, '', 1, 23, 1);
INSERT INTO public.allinventory_product VALUES (22, 'Daura bhoto 2 - 3 yrs designed', '948301033005', 2000, 2000, 0, 0, '', 1, 23, 1);
INSERT INTO public.allinventory_product VALUES (23, 'Daura bhoto 3 to 5 years', '428339468068', 2000, 2000, 0, 0, '', 1, 23, 1);
INSERT INTO public.allinventory_product VALUES (24, 'Daura summer  set 0 to 3 months', '291467235085', 1050, 1050, 0, 0, '', 1, 23, 1);
INSERT INTO public.allinventory_product VALUES (25, 'Daura summer ser 3 to 6 months', '982535874962', 1400, 1400, 0, 0, '', 1, 23, 1);
INSERT INTO public.allinventory_product VALUES (26, 'Daura side button 3 to 6 months', '625905842388', 1200, 1200, 0, 0, '', 1, 23, 1);
INSERT INTO public.allinventory_product VALUES (27, 'Daura side button 6 to 12 M', '511677231857', 1300, 1300, 0, 0, '', 1, 23, 1);
INSERT INTO public.allinventory_product VALUES (28, 'Malmal feeding gowns', '566091902040', 3700, 3700, 0, 0, '', 1, 24, 1);
INSERT INTO public.allinventory_product VALUES (29, 'Cotton feeding gowns', '460048591467', 2500, 2500, 0, 0, '', 1, 24, 1);
INSERT INTO public.allinventory_product VALUES (30, 'Malmal normal gown', '816154790185', 3500, 3500, 0, 0, '', 1, 24, 1);
INSERT INTO public.allinventory_product VALUES (31, 'Cotton normal gown', '249441242024', 2300, 2300, 0, 0, '', 1, 24, 1);
INSERT INTO public.allinventory_product VALUES (32, 'Malmal feeding pj', '698568355924', 3700, 3700, 0, 0, '', 1, 24, 1);
INSERT INTO public.allinventory_product VALUES (33, 'Cotton feeding pj', '798902495211', 2500, 2500, 0, 0, '', 1, 24, 1);
INSERT INTO public.allinventory_product VALUES (34, 'Malmal feeding pj', '287697854603', 3700, 3700, 0, 0, '', 1, 24, 1);
INSERT INTO public.allinventory_product VALUES (35, 'Malmal normal pj', '892731358870', 3500, 3500, 0, 0, '', 1, 24, 1);
INSERT INTO public.allinventory_product VALUES (36, 'Cotton feeding cord set', '275041032984', 2500, 2500, 0, 0, '', 1, 24, 1);
INSERT INTO public.allinventory_product VALUES (37, 'Cotton normal cord set', '769416025069', 2300, 2300, 0, 0, '', 1, 24, 1);
INSERT INTO public.allinventory_product VALUES (38, 'Cotton feeding kaftan', '334606598326', 2200, 2200, 0, 0, '', 1, 24, 1);
INSERT INTO public.allinventory_product VALUES (39, 'Cotton normal kaftan', '930227743604', 2000, 2000, 0, 0, '', 1, 24, 1);
INSERT INTO public.allinventory_product VALUES (40, 'Malmal feeding kaftan', '850125292172', 3500, 3500, 0, 0, '', 1, 24, 1);
INSERT INTO public.allinventory_product VALUES (41, 'Malmal normal kaftan', '240129373278', 3300, 3300, 0, 0, '', 1, 24, 1);
INSERT INTO public.allinventory_product VALUES (42, 'Khasto ( shawls ) piping design', '393177592606', 1700, 1700, 0, 0, '', 1, 25, 1);
INSERT INTO public.allinventory_product VALUES (43, 'Khasto (shawls) lace', '897461700630', 1500, 1500, 0, 0, '', 1, 25, 1);
INSERT INTO public.allinventory_product VALUES (44, 'Baby blanket (khasto 1mtr)', '382618353994', 1000, 1000, 0, 0, '', 1, 25, 1);
INSERT INTO public.allinventory_product VALUES (45, 'Baby blanket (khasto) 1.15 mtr', '337740914060', 1100, 1100, 0, 0, '', 1, 25, 1);
INSERT INTO public.allinventory_product VALUES (46, 'Baby blanket (khasto) 1.30 mtr', '493377131001', 1200, 1200, 0, 0, '', 1, 25, 1);
INSERT INTO public.allinventory_product VALUES (47, 'Baby blanket (khasto) 1.5 mtr', '436517368091', 1350, 1350, 0, 0, '', 1, 25, 1);
INSERT INTO public.allinventory_product VALUES (49, 'Dasna sets (bedding)', '534386731271', 6000, 6000, 0, 0, '', 1, 25, 1);
INSERT INTO public.allinventory_product VALUES (50, 'Dasna single', '938151158362', 2700, 2700, 0, 0, '', 1, 25, 1);
INSERT INTO public.allinventory_product VALUES (51, 'Dolai single', '813524402577', 2700, 2700, 0, 0, '', 1, 25, 1);
INSERT INTO public.allinventory_product VALUES (52, 'Sirani (Pillow cotton)', '469549620439', 800, 800, 0, 0, '', 1, 25, 1);
INSERT INTO public.allinventory_product VALUES (53, 'Tori sirani (Mustard pillow)', '489168004647', 1100, 1100, 0, 0, '', 1, 25, 1);
INSERT INTO public.allinventory_product VALUES (54, 'Night wear 6 to 12 M', '698921784052', 1300, 1300, 0, 0, '', 1, 26, 1);
INSERT INTO public.allinventory_product VALUES (55, 'Night wear 1 to 2 year', '460829213590', 1400, 1400, 0, 0, '', 1, 26, 1);
INSERT INTO public.allinventory_product VALUES (56, 'Night wear 2 to 3 years', '666310489903', 1550, 1550, 0, 0, '', 1, 26, 1);
INSERT INTO public.allinventory_product VALUES (57, 'Night wear 3 to 5 years', '731340006283', 1700, 1700, 0, 0, '', 1, 26, 1);
INSERT INTO public.allinventory_product VALUES (58, 'Night wear 5,6 & 7 years', '547383381513', 1900, 1900, 0, 0, '', 1, 26, 1);
INSERT INTO public.allinventory_product VALUES (59, 'Frocks set 0 to 3 months normal', '573035878798', 1500, 1500, 0, 0, '', 1, 27, 1);
INSERT INTO public.allinventory_product VALUES (60, 'Frock set 0 to 3 months piping', '945516499732', 1700, 1700, 0, 0, '', 1, 27, 1);
INSERT INTO public.allinventory_product VALUES (61, 'Frocks set 6 to 12 months normal', '807013725228', 1900, 1900, 0, 0, '', 1, 27, 1);
INSERT INTO public.allinventory_product VALUES (62, 'Frocks sets 6 to 12 months design', '766829279815', 2100, 2100, 0, 0, '', 1, 27, 1);
INSERT INTO public.allinventory_product VALUES (63, 'Frocks set 1 to 2 year normal', '417024412891', 2100, 2100, 0, 0, '', 1, 27, 1);
INSERT INTO public.allinventory_product VALUES (64, 'Frocks set 1 to 2 year design', '324402287581', 2300, 2300, 0, 0, '', 1, 27, 1);
INSERT INTO public.allinventory_product VALUES (65, 'frock set 2 to 3 years normal', '358466152656', 2300, 2300, 0, 0, '', 1, 27, 1);
INSERT INTO public.allinventory_product VALUES (66, 'Frocks set 2 to 3 year design', '469517222039', 2500, 2500, 0, 0, '', 1, 27, 1);
INSERT INTO public.allinventory_product VALUES (67, 'Frock set 3 to 4 years normal', '846796024816', 2500, 2500, 0, 0, '', 1, 27, 1);
INSERT INTO public.allinventory_product VALUES (68, 'Frock set 3 to 4 years design', '317500482619', 2700, 2700, 0, 0, '', 1, 27, 1);
INSERT INTO public.allinventory_product VALUES (69, 'frock set 4 to 6 years normal', '572251071892', 2700, 2700, 0, 0, '', 1, 27, 1);
INSERT INTO public.allinventory_product VALUES (70, 'frock set 4 to 6 years design', '686093355649', 2900, 2900, 0, 0, '', 1, 27, 1);
INSERT INTO public.allinventory_product VALUES (71, 'Frock set 6 to 8 normal', '802379541297', 2900, 2900, 0, 0, '', 1, 27, 1);
INSERT INTO public.allinventory_product VALUES (72, 'frock set 6 to 8 design', '862410942335', 3100, 3100, 0, 0, '', 1, 27, 1);
INSERT INTO public.allinventory_product VALUES (73, 'Frock set 6 to 12 m extra design', '229187037137', 2300, 2300, 0, 0, '', 1, 27, 1);
INSERT INTO public.allinventory_product VALUES (74, 'Bhoto 0 to 3 month', '383918292109', 250, 250, 0, 0, '', 1, 28, 1);
INSERT INTO public.allinventory_product VALUES (75, 'Bhoto 3 to 6 months', '495728324797', 275, 275, 0, 0, '', 1, 28, 1);
INSERT INTO public.allinventory_product VALUES (76, 'Bhoto 6 to 12 months', '332996958559', 300, 300, 0, 0, '', 1, 28, 1);
INSERT INTO public.allinventory_product VALUES (77, 'Bhoto 1 to 2 years', '240949784502', 350, 350, 0, 0, '', 1, 28, 1);
INSERT INTO public.allinventory_product VALUES (17, 'Daura bhoto 0 to 3 months', '915596066116', 1250, 1250, 0, 0, '', 1, 23, 1);
INSERT INTO public.allinventory_product VALUES (19, 'Daura bhoto 6 to 12 months', '920151300520', 1450, 1450, 0, 0, '', 1, 23, 1);
INSERT INTO public.allinventory_product VALUES (20, 'Daura bhoto 1 to 2 year', '511400996546', 1551, 1550, 0, 0, '', 1, 23, 1);
INSERT INTO public.allinventory_product VALUES (78, 'Bhoto 2 to 3 years', '767450730812', 400, 400, 0, 0, '', 1, 28, 1);
INSERT INTO public.allinventory_product VALUES (79, 'Bhoto 3 to 5 years', '227500174802', 450, 450, 0, 0, '', 1, 28, 1);
INSERT INTO public.allinventory_product VALUES (80, 'Topi xs', '498434720919', 250, 250, 0, 0, '', 1, 28, 1);
INSERT INTO public.allinventory_product VALUES (81, 'Topi 3 to 6 months', '708781103134', 275, 275, 0, 0, '', 1, 28, 1);
INSERT INTO public.allinventory_product VALUES (82, 'Topi 6 to 12 months', '689960670898', 300, 300, 0, 0, '', 1, 28, 1);
INSERT INTO public.allinventory_product VALUES (83, 'Topi 1 to 2 years', '719823949533', 350, 350, 0, 0, '', 1, 28, 1);
INSERT INTO public.allinventory_product VALUES (84, 'Surwal xs', '960190127739', 350, 350, 0, 0, '', 1, 28, 1);
INSERT INTO public.allinventory_product VALUES (85, 'Surwal 3 to 6 months', '922064712647', 450, 450, 0, 0, '', 1, 28, 1);
INSERT INTO public.allinventory_product VALUES (86, 'surwal 6 to 12 months', '376828773889', 500, 500, 0, 0, '', 1, 28, 1);
INSERT INTO public.allinventory_product VALUES (87, 'Hankey', '598413559109', 50, 50, 0, 0, '', 1, 28, 1);
INSERT INTO public.allinventory_product VALUES (88, 'Hankey medium', '750166693553', 70, 70, 0, 0, '', 1, 28, 1);
INSERT INTO public.allinventory_product VALUES (89, 'Mittens', '954991738104', 75, 75, 0, 0, '', 1, 28, 1);
INSERT INTO public.allinventory_product VALUES (90, 'Head scarfs', '709154790376', 500, 500, 0, 0, '', 1, 28, 1);
INSERT INTO public.allinventory_product VALUES (91, 'Baby malmal wipes', '519636925792', 300, 300, 0, 0, '', 1, 28, 1);
INSERT INTO public.allinventory_product VALUES (92, 'Wrapper', '578738005428', 650, 650, 0, 0, '', 1, 28, 1);
INSERT INTO public.allinventory_product VALUES (93, 'King size dolai', '884110967401', 9500, 9500, 0, 0, '', 1, 28, 1);
INSERT INTO public.allinventory_product VALUES (95, 'Muslin Blanket (Hoodie)', '957918655488', 900, 1100, 0, 0, '', 1, 24, 1);
INSERT INTO public.allinventory_product VALUES (16, 'Wrapper Set (0-3 months)', '977513659454', 1800, 1800, 0, 0, '', 1, 23, 1);
INSERT INTO public.allinventory_product VALUES (18, 'Daura bhoto 3 to 6 months', '809034890746', 1350, 1350, 6750, 5, '', 1, 23, 1);
INSERT INTO public.allinventory_product VALUES (98, 'lalalala', '619175907150', 0, 0, 0, 0, '', 2, 29, 1);
INSERT INTO public.allinventory_product VALUES (99, 'Daura bhoto 2 - 3 yrs', '208187857774', 1700, 1700, 0, 0, '', 2, 29, 1);
INSERT INTO public.allinventory_product VALUES (100, 'Daura bhoto 2 - 3 yrs designed', '948301033005', 2000, 2000, 0, 0, '', 2, 29, 1);
INSERT INTO public.allinventory_product VALUES (101, 'Daura bhoto 3 to 5 years', '428339468068', 2000, 2000, 0, 0, '', 2, 29, 1);
INSERT INTO public.allinventory_product VALUES (102, 'Daura summer  set 0 to 3 months', '291467235085', 1050, 1050, 0, 0, '', 2, 29, 1);
INSERT INTO public.allinventory_product VALUES (103, 'Daura summer ser 3 to 6 months', '982535874962', 1400, 1400, 0, 0, '', 2, 29, 1);
INSERT INTO public.allinventory_product VALUES (104, 'Daura side button 3 to 6 months', '625905842388', 1200, 1200, 0, 0, '', 2, 29, 1);
INSERT INTO public.allinventory_product VALUES (105, 'Daura side button 6 to 12 M', '511677231857', 1300, 1300, 0, 0, '', 2, 29, 1);
INSERT INTO public.allinventory_product VALUES (106, 'Daura bhoto 0 to 3 months', '915596066116', 1250, 1250, 0, 0, '', 2, 29, 1);
INSERT INTO public.allinventory_product VALUES (107, 'Daura bhoto 6 to 12 months', '920151300520', 1450, 1450, 0, 0, '', 2, 29, 1);
INSERT INTO public.allinventory_product VALUES (108, 'Daura bhoto 1 to 2 year', '511400996546', 1551, 1550, 0, 0, '', 2, 29, 1);
INSERT INTO public.allinventory_product VALUES (109, 'Wrapper Set (0-3 months)', '977513659454', 1800, 1800, 0, 0, '', 2, 29, 1);
INSERT INTO public.allinventory_product VALUES (110, 'Daura bhoto 3 to 6 months', '809034890746', 1350, 1350, 0, 0, '', 2, 29, 1);
INSERT INTO public.allinventory_product VALUES (111, 'lalalala', '619175907150', 0, 0, 0, 0, '', 1, 23, 1);


--
-- Data for Name: allinventory_product_vendor; Type: TABLE DATA; Schema: public; Owner: amakonana
--



--
-- Data for Name: alltransactions_customer; Type: TABLE DATA; Schema: public; Owner: amakonana
--



--
-- Data for Name: alltransactions_debtor; Type: TABLE DATA; Schema: public; Owner: amakonana
--



--
-- Data for Name: alltransactions_debtortransaction; Type: TABLE DATA; Schema: public; Owner: amakonana
--



--
-- Data for Name: alltransactions_purchase; Type: TABLE DATA; Schema: public; Owner: amakonana
--



--
-- Data for Name: alltransactions_purchasereturn; Type: TABLE DATA; Schema: public; Owner: amakonana
--



--
-- Data for Name: alltransactions_purchasetransaction; Type: TABLE DATA; Schema: public; Owner: amakonana
--



--
-- Data for Name: alltransactions_sales; Type: TABLE DATA; Schema: public; Owner: amakonana
--



--
-- Data for Name: alltransactions_salesreturn; Type: TABLE DATA; Schema: public; Owner: amakonana
--



--
-- Data for Name: alltransactions_salestransaction; Type: TABLE DATA; Schema: public; Owner: amakonana
--



--
-- Data for Name: alltransactions_staff; Type: TABLE DATA; Schema: public; Owner: amakonana
--



--
-- Data for Name: alltransactions_stafftransactions; Type: TABLE DATA; Schema: public; Owner: amakonana
--



--
-- Data for Name: alltransactions_vendor; Type: TABLE DATA; Schema: public; Owner: amakonana
--

INSERT INTO public.alltransactions_vendor VALUES (5, 'mittal', NULL, 0, 1, 1);
INSERT INTO public.alltransactions_vendor VALUES (6, 'asd', NULL, 0, 2, 1);


--
-- Data for Name: alltransactions_vendortransactions; Type: TABLE DATA; Schema: public; Owner: amakonana
--



--
-- Data for Name: auth_group; Type: TABLE DATA; Schema: public; Owner: amakonana
--



--
-- Data for Name: auth_group_permissions; Type: TABLE DATA; Schema: public; Owner: amakonana
--



--
-- Data for Name: auth_permission; Type: TABLE DATA; Schema: public; Owner: amakonana
--

INSERT INTO public.auth_permission VALUES (1, 'Can add log entry', 1, 'add_logentry');
INSERT INTO public.auth_permission VALUES (2, 'Can change log entry', 1, 'change_logentry');
INSERT INTO public.auth_permission VALUES (3, 'Can delete log entry', 1, 'delete_logentry');
INSERT INTO public.auth_permission VALUES (4, 'Can view log entry', 1, 'view_logentry');
INSERT INTO public.auth_permission VALUES (5, 'Can add permission', 2, 'add_permission');
INSERT INTO public.auth_permission VALUES (6, 'Can change permission', 2, 'change_permission');
INSERT INTO public.auth_permission VALUES (7, 'Can delete permission', 2, 'delete_permission');
INSERT INTO public.auth_permission VALUES (8, 'Can view permission', 2, 'view_permission');
INSERT INTO public.auth_permission VALUES (9, 'Can add group', 3, 'add_group');
INSERT INTO public.auth_permission VALUES (10, 'Can change group', 3, 'change_group');
INSERT INTO public.auth_permission VALUES (11, 'Can delete group', 3, 'delete_group');
INSERT INTO public.auth_permission VALUES (12, 'Can view group', 3, 'view_group');
INSERT INTO public.auth_permission VALUES (13, 'Can add content type', 4, 'add_contenttype');
INSERT INTO public.auth_permission VALUES (14, 'Can change content type', 4, 'change_contenttype');
INSERT INTO public.auth_permission VALUES (15, 'Can delete content type', 4, 'delete_contenttype');
INSERT INTO public.auth_permission VALUES (16, 'Can view content type', 4, 'view_contenttype');
INSERT INTO public.auth_permission VALUES (17, 'Can add session', 5, 'add_session');
INSERT INTO public.auth_permission VALUES (18, 'Can change session', 5, 'change_session');
INSERT INTO public.auth_permission VALUES (19, 'Can delete session', 5, 'delete_session');
INSERT INTO public.auth_permission VALUES (20, 'Can view session', 5, 'view_session');
INSERT INTO public.auth_permission VALUES (21, 'Can add otp', 6, 'add_otp');
INSERT INTO public.auth_permission VALUES (22, 'Can change otp', 6, 'change_otp');
INSERT INTO public.auth_permission VALUES (23, 'Can delete otp', 6, 'delete_otp');
INSERT INTO public.auth_permission VALUES (24, 'Can view otp', 6, 'view_otp');
INSERT INTO public.auth_permission VALUES (25, 'Can add user', 7, 'add_user');
INSERT INTO public.auth_permission VALUES (26, 'Can change user', 7, 'change_user');
INSERT INTO public.auth_permission VALUES (27, 'Can delete user', 7, 'delete_user');
INSERT INTO public.auth_permission VALUES (28, 'Can view user', 7, 'view_user');
INSERT INTO public.auth_permission VALUES (29, 'Can add branch', 8, 'add_branch');
INSERT INTO public.auth_permission VALUES (30, 'Can change branch', 8, 'change_branch');
INSERT INTO public.auth_permission VALUES (31, 'Can delete branch', 8, 'delete_branch');
INSERT INTO public.auth_permission VALUES (32, 'Can view branch', 8, 'view_branch');
INSERT INTO public.auth_permission VALUES (33, 'Can add enterprise', 9, 'add_enterprise');
INSERT INTO public.auth_permission VALUES (34, 'Can change enterprise', 9, 'change_enterprise');
INSERT INTO public.auth_permission VALUES (35, 'Can delete enterprise', 9, 'delete_enterprise');
INSERT INTO public.auth_permission VALUES (36, 'Can view enterprise', 9, 'view_enterprise');
INSERT INTO public.auth_permission VALUES (37, 'Can add person', 10, 'add_person');
INSERT INTO public.auth_permission VALUES (38, 'Can change person', 10, 'change_person');
INSERT INTO public.auth_permission VALUES (39, 'Can delete person', 10, 'delete_person');
INSERT INTO public.auth_permission VALUES (40, 'Can view person', 10, 'view_person');
INSERT INTO public.auth_permission VALUES (41, 'Can add brand', 11, 'add_brand');
INSERT INTO public.auth_permission VALUES (42, 'Can change brand', 11, 'change_brand');
INSERT INTO public.auth_permission VALUES (43, 'Can delete brand', 11, 'delete_brand');
INSERT INTO public.auth_permission VALUES (44, 'Can view brand', 11, 'view_brand');
INSERT INTO public.auth_permission VALUES (45, 'Can add manufacture', 12, 'add_manufacture');
INSERT INTO public.auth_permission VALUES (46, 'Can change manufacture', 12, 'change_manufacture');
INSERT INTO public.auth_permission VALUES (47, 'Can delete manufacture', 12, 'delete_manufacture');
INSERT INTO public.auth_permission VALUES (48, 'Can view manufacture', 12, 'view_manufacture');
INSERT INTO public.auth_permission VALUES (49, 'Can add manufacture item', 13, 'add_manufactureitem');
INSERT INTO public.auth_permission VALUES (50, 'Can change manufacture item', 13, 'change_manufactureitem');
INSERT INTO public.auth_permission VALUES (51, 'Can delete manufacture item', 13, 'delete_manufactureitem');
INSERT INTO public.auth_permission VALUES (52, 'Can view manufacture item', 13, 'view_manufactureitem');
INSERT INTO public.auth_permission VALUES (53, 'Can add product', 14, 'add_product');
INSERT INTO public.auth_permission VALUES (54, 'Can change product', 14, 'change_product');
INSERT INTO public.auth_permission VALUES (55, 'Can delete product', 14, 'delete_product');
INSERT INTO public.auth_permission VALUES (56, 'Can view product', 14, 'view_product');
INSERT INTO public.auth_permission VALUES (57, 'Can add customer', 15, 'add_customer');
INSERT INTO public.auth_permission VALUES (58, 'Can change customer', 15, 'change_customer');
INSERT INTO public.auth_permission VALUES (59, 'Can delete customer', 15, 'delete_customer');
INSERT INTO public.auth_permission VALUES (60, 'Can view customer', 15, 'view_customer');
INSERT INTO public.auth_permission VALUES (61, 'Can add debtor', 16, 'add_debtor');
INSERT INTO public.auth_permission VALUES (62, 'Can change debtor', 16, 'change_debtor');
INSERT INTO public.auth_permission VALUES (63, 'Can delete debtor', 16, 'delete_debtor');
INSERT INTO public.auth_permission VALUES (64, 'Can view debtor', 16, 'view_debtor');
INSERT INTO public.auth_permission VALUES (65, 'Can add debtor transaction', 17, 'add_debtortransaction');
INSERT INTO public.auth_permission VALUES (66, 'Can change debtor transaction', 17, 'change_debtortransaction');
INSERT INTO public.auth_permission VALUES (67, 'Can delete debtor transaction', 17, 'delete_debtortransaction');
INSERT INTO public.auth_permission VALUES (68, 'Can view debtor transaction', 17, 'view_debtortransaction');
INSERT INTO public.auth_permission VALUES (69, 'Can add purchase', 18, 'add_purchase');
INSERT INTO public.auth_permission VALUES (70, 'Can change purchase', 18, 'change_purchase');
INSERT INTO public.auth_permission VALUES (71, 'Can delete purchase', 18, 'delete_purchase');
INSERT INTO public.auth_permission VALUES (72, 'Can view purchase', 18, 'view_purchase');
INSERT INTO public.auth_permission VALUES (73, 'Can add purchase return', 19, 'add_purchasereturn');
INSERT INTO public.auth_permission VALUES (74, 'Can change purchase return', 19, 'change_purchasereturn');
INSERT INTO public.auth_permission VALUES (75, 'Can delete purchase return', 19, 'delete_purchasereturn');
INSERT INTO public.auth_permission VALUES (76, 'Can view purchase return', 19, 'view_purchasereturn');
INSERT INTO public.auth_permission VALUES (77, 'Can add purchase transaction', 20, 'add_purchasetransaction');
INSERT INTO public.auth_permission VALUES (78, 'Can change purchase transaction', 20, 'change_purchasetransaction');
INSERT INTO public.auth_permission VALUES (79, 'Can delete purchase transaction', 20, 'delete_purchasetransaction');
INSERT INTO public.auth_permission VALUES (80, 'Can view purchase transaction', 20, 'view_purchasetransaction');
INSERT INTO public.auth_permission VALUES (81, 'Can add sales', 21, 'add_sales');
INSERT INTO public.auth_permission VALUES (82, 'Can change sales', 21, 'change_sales');
INSERT INTO public.auth_permission VALUES (83, 'Can delete sales', 21, 'delete_sales');
INSERT INTO public.auth_permission VALUES (84, 'Can view sales', 21, 'view_sales');
INSERT INTO public.auth_permission VALUES (85, 'Can add sales return', 22, 'add_salesreturn');
INSERT INTO public.auth_permission VALUES (86, 'Can change sales return', 22, 'change_salesreturn');
INSERT INTO public.auth_permission VALUES (87, 'Can delete sales return', 22, 'delete_salesreturn');
INSERT INTO public.auth_permission VALUES (88, 'Can view sales return', 22, 'view_salesreturn');
INSERT INTO public.auth_permission VALUES (89, 'Can add sales transaction', 23, 'add_salestransaction');
INSERT INTO public.auth_permission VALUES (90, 'Can change sales transaction', 23, 'change_salestransaction');
INSERT INTO public.auth_permission VALUES (91, 'Can delete sales transaction', 23, 'delete_salestransaction');
INSERT INTO public.auth_permission VALUES (92, 'Can view sales transaction', 23, 'view_salestransaction');
INSERT INTO public.auth_permission VALUES (93, 'Can add staff', 24, 'add_staff');
INSERT INTO public.auth_permission VALUES (94, 'Can change staff', 24, 'change_staff');
INSERT INTO public.auth_permission VALUES (95, 'Can delete staff', 24, 'delete_staff');
INSERT INTO public.auth_permission VALUES (96, 'Can view staff', 24, 'view_staff');
INSERT INTO public.auth_permission VALUES (97, 'Can add staff transactions', 25, 'add_stafftransactions');
INSERT INTO public.auth_permission VALUES (98, 'Can change staff transactions', 25, 'change_stafftransactions');
INSERT INTO public.auth_permission VALUES (99, 'Can delete staff transactions', 25, 'delete_stafftransactions');
INSERT INTO public.auth_permission VALUES (100, 'Can view staff transactions', 25, 'view_stafftransactions');
INSERT INTO public.auth_permission VALUES (101, 'Can add vendor', 26, 'add_vendor');
INSERT INTO public.auth_permission VALUES (102, 'Can change vendor', 26, 'change_vendor');
INSERT INTO public.auth_permission VALUES (103, 'Can delete vendor', 26, 'delete_vendor');
INSERT INTO public.auth_permission VALUES (104, 'Can view vendor', 26, 'view_vendor');
INSERT INTO public.auth_permission VALUES (105, 'Can add vendor transactions', 27, 'add_vendortransactions');
INSERT INTO public.auth_permission VALUES (106, 'Can change vendor transactions', 27, 'change_vendortransactions');
INSERT INTO public.auth_permission VALUES (107, 'Can delete vendor transactions', 27, 'delete_vendortransactions');
INSERT INTO public.auth_permission VALUES (108, 'Can view vendor transactions', 27, 'view_vendortransactions');
INSERT INTO public.auth_permission VALUES (109, 'Can add order item', 28, 'add_orderitem');
INSERT INTO public.auth_permission VALUES (110, 'Can change order item', 28, 'change_orderitem');
INSERT INTO public.auth_permission VALUES (111, 'Can delete order item', 28, 'delete_orderitem');
INSERT INTO public.auth_permission VALUES (112, 'Can view order item', 28, 'view_orderitem');
INSERT INTO public.auth_permission VALUES (113, 'Can add order', 29, 'add_order');
INSERT INTO public.auth_permission VALUES (114, 'Can change order', 29, 'change_order');
INSERT INTO public.auth_permission VALUES (115, 'Can delete order', 29, 'delete_order');
INSERT INTO public.auth_permission VALUES (116, 'Can view order', 29, 'view_order');


--
-- Data for Name: django_admin_log; Type: TABLE DATA; Schema: public; Owner: amakonana
--

INSERT INTO public.django_admin_log VALUES (1, '2025-08-15 06:42:50.168399+00', '23', 'Daura Bhoto', 2, '[{"changed": {"fields": ["Stock", "Count"]}}]', 11, '141c29cd-7d21-4098-9584-97f438fbd8d1');
INSERT INTO public.django_admin_log VALUES (2, '2025-08-15 07:03:44.558132+00', '16', 'Wrapper Set (0-3 months)', 2, '[{"changed": {"fields": ["Stock", "Count"]}}]', 14, '141c29cd-7d21-4098-9584-97f438fbd8d1');
INSERT INTO public.django_admin_log VALUES (3, '2025-08-15 07:04:04.704648+00', '23', 'Daura Bhoto', 2, '[{"changed": {"fields": ["Stock", "Count"]}}]', 11, '141c29cd-7d21-4098-9584-97f438fbd8d1');


--
-- Data for Name: django_content_type; Type: TABLE DATA; Schema: public; Owner: amakonana
--

INSERT INTO public.django_content_type VALUES (1, 'admin', 'logentry');
INSERT INTO public.django_content_type VALUES (2, 'auth', 'permission');
INSERT INTO public.django_content_type VALUES (3, 'auth', 'group');
INSERT INTO public.django_content_type VALUES (4, 'contenttypes', 'contenttype');
INSERT INTO public.django_content_type VALUES (5, 'sessions', 'session');
INSERT INTO public.django_content_type VALUES (6, 'userauth', 'otp');
INSERT INTO public.django_content_type VALUES (7, 'userauth', 'user');
INSERT INTO public.django_content_type VALUES (8, 'enterprise', 'branch');
INSERT INTO public.django_content_type VALUES (9, 'enterprise', 'enterprise');
INSERT INTO public.django_content_type VALUES (10, 'enterprise', 'person');
INSERT INTO public.django_content_type VALUES (11, 'allinventory', 'brand');
INSERT INTO public.django_content_type VALUES (12, 'allinventory', 'manufacture');
INSERT INTO public.django_content_type VALUES (13, 'allinventory', 'manufactureitem');
INSERT INTO public.django_content_type VALUES (14, 'allinventory', 'product');
INSERT INTO public.django_content_type VALUES (15, 'alltransactions', 'customer');
INSERT INTO public.django_content_type VALUES (16, 'alltransactions', 'debtor');
INSERT INTO public.django_content_type VALUES (17, 'alltransactions', 'debtortransaction');
INSERT INTO public.django_content_type VALUES (18, 'alltransactions', 'purchase');
INSERT INTO public.django_content_type VALUES (19, 'alltransactions', 'purchasereturn');
INSERT INTO public.django_content_type VALUES (20, 'alltransactions', 'purchasetransaction');
INSERT INTO public.django_content_type VALUES (21, 'alltransactions', 'sales');
INSERT INTO public.django_content_type VALUES (22, 'alltransactions', 'salesreturn');
INSERT INTO public.django_content_type VALUES (23, 'alltransactions', 'salestransaction');
INSERT INTO public.django_content_type VALUES (24, 'alltransactions', 'staff');
INSERT INTO public.django_content_type VALUES (25, 'alltransactions', 'stafftransactions');
INSERT INTO public.django_content_type VALUES (26, 'alltransactions', 'vendor');
INSERT INTO public.django_content_type VALUES (27, 'alltransactions', 'vendortransactions');
INSERT INTO public.django_content_type VALUES (28, 'order', 'orderitem');
INSERT INTO public.django_content_type VALUES (29, 'order', 'order');


--
-- Data for Name: django_migrations; Type: TABLE DATA; Schema: public; Owner: amakonana
--

INSERT INTO public.django_migrations VALUES (1, 'contenttypes', '0001_initial', '2025-08-14 08:32:18.484042+00');
INSERT INTO public.django_migrations VALUES (2, 'contenttypes', '0002_remove_content_type_name', '2025-08-14 08:32:18.492725+00');
INSERT INTO public.django_migrations VALUES (3, 'auth', '0001_initial', '2025-08-14 08:32:18.531151+00');
INSERT INTO public.django_migrations VALUES (4, 'auth', '0002_alter_permission_name_max_length', '2025-08-14 08:32:18.537122+00');
INSERT INTO public.django_migrations VALUES (5, 'auth', '0003_alter_user_email_max_length', '2025-08-14 08:32:18.542945+00');
INSERT INTO public.django_migrations VALUES (6, 'auth', '0004_alter_user_username_opts', '2025-08-14 08:32:18.547892+00');
INSERT INTO public.django_migrations VALUES (7, 'auth', '0005_alter_user_last_login_null', '2025-08-14 08:32:18.552025+00');
INSERT INTO public.django_migrations VALUES (8, 'auth', '0006_require_contenttypes_0002', '2025-08-14 08:32:18.553782+00');
INSERT INTO public.django_migrations VALUES (9, 'auth', '0007_alter_validators_add_error_messages', '2025-08-14 08:32:18.557449+00');
INSERT INTO public.django_migrations VALUES (10, 'auth', '0008_alter_user_username_max_length', '2025-08-14 08:32:18.561007+00');
INSERT INTO public.django_migrations VALUES (11, 'auth', '0009_alter_user_last_name_max_length', '2025-08-14 08:32:18.566591+00');
INSERT INTO public.django_migrations VALUES (12, 'auth', '0010_alter_group_name_max_length', '2025-08-14 08:32:18.572811+00');
INSERT INTO public.django_migrations VALUES (13, 'auth', '0011_update_proxy_permissions', '2025-08-14 08:32:18.577192+00');
INSERT INTO public.django_migrations VALUES (14, 'auth', '0012_alter_user_first_name_max_length', '2025-08-14 08:32:18.582063+00');
INSERT INTO public.django_migrations VALUES (15, 'userauth', '0001_initial', '2025-08-14 08:32:18.617178+00');
INSERT INTO public.django_migrations VALUES (16, 'admin', '0001_initial', '2025-08-14 08:32:18.637615+00');
INSERT INTO public.django_migrations VALUES (17, 'admin', '0002_logentry_remove_auto_add', '2025-08-14 08:32:18.645312+00');
INSERT INTO public.django_migrations VALUES (18, 'admin', '0003_logentry_add_action_flag_choices', '2025-08-14 08:32:18.6517+00');
INSERT INTO public.django_migrations VALUES (19, 'enterprise', '0001_initial', '2025-08-14 08:32:18.65862+00');
INSERT INTO public.django_migrations VALUES (20, 'alltransactions', '0001_initial', '2025-08-14 08:32:18.714516+00');
INSERT INTO public.django_migrations VALUES (21, 'allinventory', '0001_initial', '2025-08-14 08:32:18.73471+00');
INSERT INTO public.django_migrations VALUES (22, 'allinventory', '0002_initial', '2025-08-14 08:32:18.803306+00');
INSERT INTO public.django_migrations VALUES (23, 'alltransactions', '0002_initial', '2025-08-14 08:32:19.239729+00');
INSERT INTO public.django_migrations VALUES (24, 'enterprise', '0002_initial', '2025-08-14 08:32:19.290243+00');
INSERT INTO public.django_migrations VALUES (25, 'sessions', '0001_initial', '2025-08-14 08:32:19.299197+00');
INSERT INTO public.django_migrations VALUES (26, 'allinventory', '0003_manufactureitem_unit_price', '2025-08-14 12:25:46.436864+00');
INSERT INTO public.django_migrations VALUES (27, 'allinventory', '0004_alter_manufacture_date', '2025-08-15 06:32:13.191599+00');
INSERT INTO public.django_migrations VALUES (28, 'order', '0001_initial', '2025-08-15 11:44:41.272454+00');


--
-- Data for Name: django_session; Type: TABLE DATA; Schema: public; Owner: amakonana
--

INSERT INTO public.django_session VALUES ('vvznm8a0bhwq3mwwmxr2p6k413wotodj', '.eJxVzMsOwiAQheF3YS2EYWgZXLr3GZqBAVs1bdLLyvju2qQLXZ__Oy_V8bb23baUuRtEnRV4yC5m0UEcaG8j6diQ1zFUj1STkIA6_bLE-VHG3cqdx9tk8jSu85DMnphjXcx1kvK8HO3fQc9L_9UFQ7WOq20y1YIsllOK0LrKVRxmQMutDS0SURMAKYDEmGwQ8lgjq_cHqvhAbA:1umTUb:Tj9lE5l9n2c1gIfWSJpnik9i0gwnWmYRG_oJoaGHEI8', '2025-08-28 08:39:25.994291+00');


--
-- Data for Name: enterprise_branch; Type: TABLE DATA; Schema: public; Owner: amakonana
--

INSERT INTO public.enterprise_branch VALUES (1, 'Manufacturing Unit', 1);
INSERT INTO public.enterprise_branch VALUES (2, 'Chakrapath', 1);
INSERT INTO public.enterprise_branch VALUES (3, 'Kumaripati', 1);


--
-- Data for Name: enterprise_enterprise; Type: TABLE DATA; Schema: public; Owner: amakonana
--

INSERT INTO public.enterprise_enterprise VALUES (1, 'AamaKoNana');


--
-- Data for Name: enterprise_person; Type: TABLE DATA; Schema: public; Owner: amakonana
--

INSERT INTO public.enterprise_person VALUES ('141c29cd-7d21-4098-9584-97f438fbd8d1', 'Admin', NULL, 1);
INSERT INTO public.enterprise_person VALUES ('a1ec479b-9a7e-474b-adca-eed904cd8e80', 'Admin', NULL, 1);


--
-- Data for Name: order_order; Type: TABLE DATA; Schema: public; Owner: amakonana
--



--
-- Data for Name: order_orderitem; Type: TABLE DATA; Schema: public; Owner: amakonana
--



--
-- Data for Name: userauth_otp; Type: TABLE DATA; Schema: public; Owner: amakonana
--



--
-- Data for Name: userauth_user; Type: TABLE DATA; Schema: public; Owner: amakonana
--

INSERT INTO public.userauth_user VALUES ('pbkdf2_sha256$870000$oMdYwqpvpMPFmYb7WTUUEz$T1hvmh8bZFPsQZvjHv2QJ2Wy8RfIchkbLvAuEjJI26c=', NULL, 'rajesh@aamakonana.com', 'Rajesh', 'a1ec479b-9a7e-474b-adca-eed904cd8e80', true, false, false);
INSERT INTO public.userauth_user VALUES ('pbkdf2_sha256$870000$MKDgkAQOVehBQfldAFtnkm$jN9avwaE9566aIlWRMwZGLJFnKYRdW6fDOlm2NCaTSg=', '2025-08-14 08:39:25.989513+00', 'bbobbasnet@gmail.com', 'Bibhab Basnet', '141c29cd-7d21-4098-9584-97f438fbd8d1', true, true, true);


--
-- Data for Name: userauth_user_groups; Type: TABLE DATA; Schema: public; Owner: amakonana
--



--
-- Data for Name: userauth_user_user_permissions; Type: TABLE DATA; Schema: public; Owner: amakonana
--



--
-- Name: allinventory_brand_id_seq; Type: SEQUENCE SET; Schema: public; Owner: amakonana
--

SELECT pg_catalog.setval('public.allinventory_brand_id_seq', 35, true);


--
-- Name: allinventory_manufacture_id_seq; Type: SEQUENCE SET; Schema: public; Owner: amakonana
--

SELECT pg_catalog.setval('public.allinventory_manufacture_id_seq', 2, true);


--
-- Name: allinventory_manufactureitem_id_seq; Type: SEQUENCE SET; Schema: public; Owner: amakonana
--

SELECT pg_catalog.setval('public.allinventory_manufactureitem_id_seq', 7, true);


--
-- Name: allinventory_product_id_seq; Type: SEQUENCE SET; Schema: public; Owner: amakonana
--

SELECT pg_catalog.setval('public.allinventory_product_id_seq', 111, true);


--
-- Name: allinventory_product_vendor_id_seq; Type: SEQUENCE SET; Schema: public; Owner: amakonana
--

SELECT pg_catalog.setval('public.allinventory_product_vendor_id_seq', 152, true);


--
-- Name: alltransactions_debtor_id_seq; Type: SEQUENCE SET; Schema: public; Owner: amakonana
--

SELECT pg_catalog.setval('public.alltransactions_debtor_id_seq', 1, false);


--
-- Name: alltransactions_debtortransaction_id_seq; Type: SEQUENCE SET; Schema: public; Owner: amakonana
--

SELECT pg_catalog.setval('public.alltransactions_debtortransaction_id_seq', 1, false);


--
-- Name: alltransactions_purchase_id_seq; Type: SEQUENCE SET; Schema: public; Owner: amakonana
--

SELECT pg_catalog.setval('public.alltransactions_purchase_id_seq', 1, true);


--
-- Name: alltransactions_purchasereturn_id_seq; Type: SEQUENCE SET; Schema: public; Owner: amakonana
--

SELECT pg_catalog.setval('public.alltransactions_purchasereturn_id_seq', 1, false);


--
-- Name: alltransactions_purchasetransaction_id_seq; Type: SEQUENCE SET; Schema: public; Owner: amakonana
--

SELECT pg_catalog.setval('public.alltransactions_purchasetransaction_id_seq', 1, true);


--
-- Name: alltransactions_sales_id_seq; Type: SEQUENCE SET; Schema: public; Owner: amakonana
--

SELECT pg_catalog.setval('public.alltransactions_sales_id_seq', 1, true);


--
-- Name: alltransactions_salesreturn_id_seq; Type: SEQUENCE SET; Schema: public; Owner: amakonana
--

SELECT pg_catalog.setval('public.alltransactions_salesreturn_id_seq', 1, false);


--
-- Name: alltransactions_salestransaction_id_seq; Type: SEQUENCE SET; Schema: public; Owner: amakonana
--

SELECT pg_catalog.setval('public.alltransactions_salestransaction_id_seq', 1, true);


--
-- Name: alltransactions_staff_id_seq; Type: SEQUENCE SET; Schema: public; Owner: amakonana
--

SELECT pg_catalog.setval('public.alltransactions_staff_id_seq', 1, false);


--
-- Name: alltransactions_stafftransactions_id_seq; Type: SEQUENCE SET; Schema: public; Owner: amakonana
--

SELECT pg_catalog.setval('public.alltransactions_stafftransactions_id_seq', 1, false);


--
-- Name: alltransactions_vendor_id_seq; Type: SEQUENCE SET; Schema: public; Owner: amakonana
--

SELECT pg_catalog.setval('public.alltransactions_vendor_id_seq', 6, true);


--
-- Name: alltransactions_vendortransactions_id_seq; Type: SEQUENCE SET; Schema: public; Owner: amakonana
--

SELECT pg_catalog.setval('public.alltransactions_vendortransactions_id_seq', 1, true);


--
-- Name: auth_group_id_seq; Type: SEQUENCE SET; Schema: public; Owner: amakonana
--

SELECT pg_catalog.setval('public.auth_group_id_seq', 1, false);


--
-- Name: auth_group_permissions_id_seq; Type: SEQUENCE SET; Schema: public; Owner: amakonana
--

SELECT pg_catalog.setval('public.auth_group_permissions_id_seq', 1, false);


--
-- Name: auth_permission_id_seq; Type: SEQUENCE SET; Schema: public; Owner: amakonana
--

SELECT pg_catalog.setval('public.auth_permission_id_seq', 116, true);


--
-- Name: django_admin_log_id_seq; Type: SEQUENCE SET; Schema: public; Owner: amakonana
--

SELECT pg_catalog.setval('public.django_admin_log_id_seq', 3, true);


--
-- Name: django_content_type_id_seq; Type: SEQUENCE SET; Schema: public; Owner: amakonana
--

SELECT pg_catalog.setval('public.django_content_type_id_seq', 29, true);


--
-- Name: django_migrations_id_seq; Type: SEQUENCE SET; Schema: public; Owner: amakonana
--

SELECT pg_catalog.setval('public.django_migrations_id_seq', 28, true);


--
-- Name: enterprise_branch_id_seq; Type: SEQUENCE SET; Schema: public; Owner: amakonana
--

SELECT pg_catalog.setval('public.enterprise_branch_id_seq', 3, true);


--
-- Name: enterprise_enterprise_id_seq; Type: SEQUENCE SET; Schema: public; Owner: amakonana
--

SELECT pg_catalog.setval('public.enterprise_enterprise_id_seq', 1, true);


--
-- Name: order_order_id_seq; Type: SEQUENCE SET; Schema: public; Owner: amakonana
--

SELECT pg_catalog.setval('public.order_order_id_seq', 1, false);


--
-- Name: order_orderitem_id_seq; Type: SEQUENCE SET; Schema: public; Owner: amakonana
--

SELECT pg_catalog.setval('public.order_orderitem_id_seq', 1, false);


--
-- Name: userauth_otp_id_seq; Type: SEQUENCE SET; Schema: public; Owner: amakonana
--

SELECT pg_catalog.setval('public.userauth_otp_id_seq', 1, false);


--
-- Name: userauth_user_groups_id_seq; Type: SEQUENCE SET; Schema: public; Owner: amakonana
--

SELECT pg_catalog.setval('public.userauth_user_groups_id_seq', 1, false);


--
-- Name: userauth_user_user_permissions_id_seq; Type: SEQUENCE SET; Schema: public; Owner: amakonana
--

SELECT pg_catalog.setval('public.userauth_user_user_permissions_id_seq', 1, false);


--
-- Name: allinventory_brand allinventory_brand_pkey; Type: CONSTRAINT; Schema: public; Owner: amakonana
--

ALTER TABLE ONLY public.allinventory_brand
    ADD CONSTRAINT allinventory_brand_pkey PRIMARY KEY (id);


--
-- Name: allinventory_manufacture allinventory_manufacture_pkey; Type: CONSTRAINT; Schema: public; Owner: amakonana
--

ALTER TABLE ONLY public.allinventory_manufacture
    ADD CONSTRAINT allinventory_manufacture_pkey PRIMARY KEY (id);


--
-- Name: allinventory_manufactureitem allinventory_manufactureitem_pkey; Type: CONSTRAINT; Schema: public; Owner: amakonana
--

ALTER TABLE ONLY public.allinventory_manufactureitem
    ADD CONSTRAINT allinventory_manufactureitem_pkey PRIMARY KEY (id);


--
-- Name: allinventory_product allinventory_product_pkey; Type: CONSTRAINT; Schema: public; Owner: amakonana
--

ALTER TABLE ONLY public.allinventory_product
    ADD CONSTRAINT allinventory_product_pkey PRIMARY KEY (id);


--
-- Name: allinventory_product_vendor allinventory_product_vendor_pkey; Type: CONSTRAINT; Schema: public; Owner: amakonana
--

ALTER TABLE ONLY public.allinventory_product_vendor
    ADD CONSTRAINT allinventory_product_vendor_pkey PRIMARY KEY (id);


--
-- Name: allinventory_product_vendor allinventory_product_vendor_product_id_vendor_id_a1215a28_uniq; Type: CONSTRAINT; Schema: public; Owner: amakonana
--

ALTER TABLE ONLY public.allinventory_product_vendor
    ADD CONSTRAINT allinventory_product_vendor_product_id_vendor_id_a1215a28_uniq UNIQUE (product_id, vendor_id);


--
-- Name: alltransactions_customer alltransactions_customer_pkey; Type: CONSTRAINT; Schema: public; Owner: amakonana
--

ALTER TABLE ONLY public.alltransactions_customer
    ADD CONSTRAINT alltransactions_customer_pkey PRIMARY KEY (phone_number);


--
-- Name: alltransactions_debtor alltransactions_debtor_pkey; Type: CONSTRAINT; Schema: public; Owner: amakonana
--

ALTER TABLE ONLY public.alltransactions_debtor
    ADD CONSTRAINT alltransactions_debtor_pkey PRIMARY KEY (id);


--
-- Name: alltransactions_debtortransaction alltransactions_debtortransaction_pkey; Type: CONSTRAINT; Schema: public; Owner: amakonana
--

ALTER TABLE ONLY public.alltransactions_debtortransaction
    ADD CONSTRAINT alltransactions_debtortransaction_pkey PRIMARY KEY (id);


--
-- Name: alltransactions_purchase alltransactions_purchase_pkey; Type: CONSTRAINT; Schema: public; Owner: amakonana
--

ALTER TABLE ONLY public.alltransactions_purchase
    ADD CONSTRAINT alltransactions_purchase_pkey PRIMARY KEY (id);


--
-- Name: alltransactions_purchasereturn alltransactions_purchasereturn_pkey; Type: CONSTRAINT; Schema: public; Owner: amakonana
--

ALTER TABLE ONLY public.alltransactions_purchasereturn
    ADD CONSTRAINT alltransactions_purchasereturn_pkey PRIMARY KEY (id);


--
-- Name: alltransactions_purchasetransaction alltransactions_purchasetransaction_pkey; Type: CONSTRAINT; Schema: public; Owner: amakonana
--

ALTER TABLE ONLY public.alltransactions_purchasetransaction
    ADD CONSTRAINT alltransactions_purchasetransaction_pkey PRIMARY KEY (id);


--
-- Name: alltransactions_sales alltransactions_sales_pkey; Type: CONSTRAINT; Schema: public; Owner: amakonana
--

ALTER TABLE ONLY public.alltransactions_sales
    ADD CONSTRAINT alltransactions_sales_pkey PRIMARY KEY (id);


--
-- Name: alltransactions_salesreturn alltransactions_salesreturn_pkey; Type: CONSTRAINT; Schema: public; Owner: amakonana
--

ALTER TABLE ONLY public.alltransactions_salesreturn
    ADD CONSTRAINT alltransactions_salesreturn_pkey PRIMARY KEY (id);


--
-- Name: alltransactions_salestransaction alltransactions_salestransaction_pkey; Type: CONSTRAINT; Schema: public; Owner: amakonana
--

ALTER TABLE ONLY public.alltransactions_salestransaction
    ADD CONSTRAINT alltransactions_salestransaction_pkey PRIMARY KEY (id);


--
-- Name: alltransactions_staff alltransactions_staff_pkey; Type: CONSTRAINT; Schema: public; Owner: amakonana
--

ALTER TABLE ONLY public.alltransactions_staff
    ADD CONSTRAINT alltransactions_staff_pkey PRIMARY KEY (id);


--
-- Name: alltransactions_stafftransactions alltransactions_stafftransactions_pkey; Type: CONSTRAINT; Schema: public; Owner: amakonana
--

ALTER TABLE ONLY public.alltransactions_stafftransactions
    ADD CONSTRAINT alltransactions_stafftransactions_pkey PRIMARY KEY (id);


--
-- Name: alltransactions_vendor alltransactions_vendor_pkey; Type: CONSTRAINT; Schema: public; Owner: amakonana
--

ALTER TABLE ONLY public.alltransactions_vendor
    ADD CONSTRAINT alltransactions_vendor_pkey PRIMARY KEY (id);


--
-- Name: alltransactions_vendortransactions alltransactions_vendortransactions_pkey; Type: CONSTRAINT; Schema: public; Owner: amakonana
--

ALTER TABLE ONLY public.alltransactions_vendortransactions
    ADD CONSTRAINT alltransactions_vendortransactions_pkey PRIMARY KEY (id);


--
-- Name: auth_group auth_group_name_key; Type: CONSTRAINT; Schema: public; Owner: amakonana
--

ALTER TABLE ONLY public.auth_group
    ADD CONSTRAINT auth_group_name_key UNIQUE (name);


--
-- Name: auth_group_permissions auth_group_permissions_group_id_permission_id_0cd325b0_uniq; Type: CONSTRAINT; Schema: public; Owner: amakonana
--

ALTER TABLE ONLY public.auth_group_permissions
    ADD CONSTRAINT auth_group_permissions_group_id_permission_id_0cd325b0_uniq UNIQUE (group_id, permission_id);


--
-- Name: auth_group_permissions auth_group_permissions_pkey; Type: CONSTRAINT; Schema: public; Owner: amakonana
--

ALTER TABLE ONLY public.auth_group_permissions
    ADD CONSTRAINT auth_group_permissions_pkey PRIMARY KEY (id);


--
-- Name: auth_group auth_group_pkey; Type: CONSTRAINT; Schema: public; Owner: amakonana
--

ALTER TABLE ONLY public.auth_group
    ADD CONSTRAINT auth_group_pkey PRIMARY KEY (id);


--
-- Name: auth_permission auth_permission_content_type_id_codename_01ab375a_uniq; Type: CONSTRAINT; Schema: public; Owner: amakonana
--

ALTER TABLE ONLY public.auth_permission
    ADD CONSTRAINT auth_permission_content_type_id_codename_01ab375a_uniq UNIQUE (content_type_id, codename);


--
-- Name: auth_permission auth_permission_pkey; Type: CONSTRAINT; Schema: public; Owner: amakonana
--

ALTER TABLE ONLY public.auth_permission
    ADD CONSTRAINT auth_permission_pkey PRIMARY KEY (id);


--
-- Name: django_admin_log django_admin_log_pkey; Type: CONSTRAINT; Schema: public; Owner: amakonana
--

ALTER TABLE ONLY public.django_admin_log
    ADD CONSTRAINT django_admin_log_pkey PRIMARY KEY (id);


--
-- Name: django_content_type django_content_type_app_label_model_76bd3d3b_uniq; Type: CONSTRAINT; Schema: public; Owner: amakonana
--

ALTER TABLE ONLY public.django_content_type
    ADD CONSTRAINT django_content_type_app_label_model_76bd3d3b_uniq UNIQUE (app_label, model);


--
-- Name: django_content_type django_content_type_pkey; Type: CONSTRAINT; Schema: public; Owner: amakonana
--

ALTER TABLE ONLY public.django_content_type
    ADD CONSTRAINT django_content_type_pkey PRIMARY KEY (id);


--
-- Name: django_migrations django_migrations_pkey; Type: CONSTRAINT; Schema: public; Owner: amakonana
--

ALTER TABLE ONLY public.django_migrations
    ADD CONSTRAINT django_migrations_pkey PRIMARY KEY (id);


--
-- Name: django_session django_session_pkey; Type: CONSTRAINT; Schema: public; Owner: amakonana
--

ALTER TABLE ONLY public.django_session
    ADD CONSTRAINT django_session_pkey PRIMARY KEY (session_key);


--
-- Name: enterprise_branch enterprise_branch_pkey; Type: CONSTRAINT; Schema: public; Owner: amakonana
--

ALTER TABLE ONLY public.enterprise_branch
    ADD CONSTRAINT enterprise_branch_pkey PRIMARY KEY (id);


--
-- Name: enterprise_enterprise enterprise_enterprise_pkey; Type: CONSTRAINT; Schema: public; Owner: amakonana
--

ALTER TABLE ONLY public.enterprise_enterprise
    ADD CONSTRAINT enterprise_enterprise_pkey PRIMARY KEY (id);


--
-- Name: enterprise_person enterprise_person_pkey; Type: CONSTRAINT; Schema: public; Owner: amakonana
--

ALTER TABLE ONLY public.enterprise_person
    ADD CONSTRAINT enterprise_person_pkey PRIMARY KEY (user_id);


--
-- Name: order_order order_order_pkey; Type: CONSTRAINT; Schema: public; Owner: amakonana
--

ALTER TABLE ONLY public.order_order
    ADD CONSTRAINT order_order_pkey PRIMARY KEY (id);


--
-- Name: order_orderitem order_orderitem_pkey; Type: CONSTRAINT; Schema: public; Owner: amakonana
--

ALTER TABLE ONLY public.order_orderitem
    ADD CONSTRAINT order_orderitem_pkey PRIMARY KEY (id);


--
-- Name: userauth_otp userauth_otp_pkey; Type: CONSTRAINT; Schema: public; Owner: amakonana
--

ALTER TABLE ONLY public.userauth_otp
    ADD CONSTRAINT userauth_otp_pkey PRIMARY KEY (id);


--
-- Name: userauth_user userauth_user_email_key; Type: CONSTRAINT; Schema: public; Owner: amakonana
--

ALTER TABLE ONLY public.userauth_user
    ADD CONSTRAINT userauth_user_email_key UNIQUE (email);


--
-- Name: userauth_user_groups userauth_user_groups_pkey; Type: CONSTRAINT; Schema: public; Owner: amakonana
--

ALTER TABLE ONLY public.userauth_user_groups
    ADD CONSTRAINT userauth_user_groups_pkey PRIMARY KEY (id);


--
-- Name: userauth_user_groups userauth_user_groups_user_id_group_id_46e5f227_uniq; Type: CONSTRAINT; Schema: public; Owner: amakonana
--

ALTER TABLE ONLY public.userauth_user_groups
    ADD CONSTRAINT userauth_user_groups_user_id_group_id_46e5f227_uniq UNIQUE (user_id, group_id);


--
-- Name: userauth_user userauth_user_pkey; Type: CONSTRAINT; Schema: public; Owner: amakonana
--

ALTER TABLE ONLY public.userauth_user
    ADD CONSTRAINT userauth_user_pkey PRIMARY KEY (id);


--
-- Name: userauth_user_user_permissions userauth_user_user_permi_user_id_permission_id_ce5f9d7d_uniq; Type: CONSTRAINT; Schema: public; Owner: amakonana
--

ALTER TABLE ONLY public.userauth_user_user_permissions
    ADD CONSTRAINT userauth_user_user_permi_user_id_permission_id_ce5f9d7d_uniq UNIQUE (user_id, permission_id);


--
-- Name: userauth_user_user_permissions userauth_user_user_permissions_pkey; Type: CONSTRAINT; Schema: public; Owner: amakonana
--

ALTER TABLE ONLY public.userauth_user_user_permissions
    ADD CONSTRAINT userauth_user_user_permissions_pkey PRIMARY KEY (id);


--
-- Name: allinventory_brand_branch_id_4539d85e; Type: INDEX; Schema: public; Owner: amakonana
--

CREATE INDEX allinventory_brand_branch_id_4539d85e ON public.allinventory_brand USING btree (branch_id);


--
-- Name: allinventory_brand_enterprise_id_da83b23c; Type: INDEX; Schema: public; Owner: amakonana
--

CREATE INDEX allinventory_brand_enterprise_id_da83b23c ON public.allinventory_brand USING btree (enterprise_id);


--
-- Name: allinventory_manufacture_branch_id_5e379f63; Type: INDEX; Schema: public; Owner: amakonana
--

CREATE INDEX allinventory_manufacture_branch_id_5e379f63 ON public.allinventory_manufacture USING btree (branch_id);


--
-- Name: allinventory_manufacture_enterprise_id_cbb7a00c; Type: INDEX; Schema: public; Owner: amakonana
--

CREATE INDEX allinventory_manufacture_enterprise_id_cbb7a00c ON public.allinventory_manufacture USING btree (enterprise_id);


--
-- Name: allinventory_manufactureitem_manufacture_id_cf254725; Type: INDEX; Schema: public; Owner: amakonana
--

CREATE INDEX allinventory_manufactureitem_manufacture_id_cf254725 ON public.allinventory_manufactureitem USING btree (manufacture_id);


--
-- Name: allinventory_manufactureitem_product_id_843ebd07; Type: INDEX; Schema: public; Owner: amakonana
--

CREATE INDEX allinventory_manufactureitem_product_id_843ebd07 ON public.allinventory_manufactureitem USING btree (product_id);


--
-- Name: allinventory_product_branch_id_1f9718c8; Type: INDEX; Schema: public; Owner: amakonana
--

CREATE INDEX allinventory_product_branch_id_1f9718c8 ON public.allinventory_product USING btree (branch_id);


--
-- Name: allinventory_product_brand_id_363fce47; Type: INDEX; Schema: public; Owner: amakonana
--

CREATE INDEX allinventory_product_brand_id_363fce47 ON public.allinventory_product USING btree (brand_id);


--
-- Name: allinventory_product_enterprise_id_5d8efc84; Type: INDEX; Schema: public; Owner: amakonana
--

CREATE INDEX allinventory_product_enterprise_id_5d8efc84 ON public.allinventory_product USING btree (enterprise_id);


--
-- Name: allinventory_product_vendor_product_id_ca20a472; Type: INDEX; Schema: public; Owner: amakonana
--

CREATE INDEX allinventory_product_vendor_product_id_ca20a472 ON public.allinventory_product_vendor USING btree (product_id);


--
-- Name: allinventory_product_vendor_vendor_id_42be6473; Type: INDEX; Schema: public; Owner: amakonana
--

CREATE INDEX allinventory_product_vendor_vendor_id_42be6473 ON public.allinventory_product_vendor USING btree (vendor_id);


--
-- Name: alltransactions_customer_enterprise_id_8c48f5bd; Type: INDEX; Schema: public; Owner: amakonana
--

CREATE INDEX alltransactions_customer_enterprise_id_8c48f5bd ON public.alltransactions_customer USING btree (enterprise_id);


--
-- Name: alltransactions_customer_phone_number_b5c3382f_like; Type: INDEX; Schema: public; Owner: amakonana
--

CREATE INDEX alltransactions_customer_phone_number_b5c3382f_like ON public.alltransactions_customer USING btree (phone_number varchar_pattern_ops);


--
-- Name: alltransactions_debtor_branch_id_1e812cbc; Type: INDEX; Schema: public; Owner: amakonana
--

CREATE INDEX alltransactions_debtor_branch_id_1e812cbc ON public.alltransactions_debtor USING btree (branch_id);


--
-- Name: alltransactions_debtor_enterprise_id_9f593899; Type: INDEX; Schema: public; Owner: amakonana
--

CREATE INDEX alltransactions_debtor_enterprise_id_9f593899 ON public.alltransactions_debtor USING btree (enterprise_id);


--
-- Name: alltransactions_debtortran_all_sales_transaction_id_e8c44cac; Type: INDEX; Schema: public; Owner: amakonana
--

CREATE INDEX alltransactions_debtortran_all_sales_transaction_id_e8c44cac ON public.alltransactions_debtortransaction USING btree (all_sales_transaction_id);


--
-- Name: alltransactions_debtortransaction_branch_id_27421b30; Type: INDEX; Schema: public; Owner: amakonana
--

CREATE INDEX alltransactions_debtortransaction_branch_id_27421b30 ON public.alltransactions_debtortransaction USING btree (branch_id);


--
-- Name: alltransactions_debtortransaction_debtor_id_3d68063d; Type: INDEX; Schema: public; Owner: amakonana
--

CREATE INDEX alltransactions_debtortransaction_debtor_id_3d68063d ON public.alltransactions_debtortransaction USING btree (debtor_id);


--
-- Name: alltransactions_debtortransaction_enterprise_id_e507a0d0; Type: INDEX; Schema: public; Owner: amakonana
--

CREATE INDEX alltransactions_debtortransaction_enterprise_id_e507a0d0 ON public.alltransactions_debtortransaction USING btree (enterprise_id);


--
-- Name: alltransactions_purchase_product_id_e4d23026; Type: INDEX; Schema: public; Owner: amakonana
--

CREATE INDEX alltransactions_purchase_product_id_e4d23026 ON public.alltransactions_purchase USING btree (product_id);


--
-- Name: alltransactions_purchase_purchase_return_id_b32b5b3b; Type: INDEX; Schema: public; Owner: amakonana
--

CREATE INDEX alltransactions_purchase_purchase_return_id_b32b5b3b ON public.alltransactions_purchase USING btree (purchase_return_id);


--
-- Name: alltransactions_purchase_purchase_transaction_id_8e3ffa0e; Type: INDEX; Schema: public; Owner: amakonana
--

CREATE INDEX alltransactions_purchase_purchase_transaction_id_8e3ffa0e ON public.alltransactions_purchase USING btree (purchase_transaction_id);


--
-- Name: alltransactions_purchasereturn_branch_id_c78b4381; Type: INDEX; Schema: public; Owner: amakonana
--

CREATE INDEX alltransactions_purchasereturn_branch_id_c78b4381 ON public.alltransactions_purchasereturn USING btree (branch_id);


--
-- Name: alltransactions_purchasereturn_enterprise_id_6f1b02b9; Type: INDEX; Schema: public; Owner: amakonana
--

CREATE INDEX alltransactions_purchasereturn_enterprise_id_6f1b02b9 ON public.alltransactions_purchasereturn USING btree (enterprise_id);


--
-- Name: alltransactions_purchasereturn_purchase_transaction_id_034116d6; Type: INDEX; Schema: public; Owner: amakonana
--

CREATE INDEX alltransactions_purchasereturn_purchase_transaction_id_034116d6 ON public.alltransactions_purchasereturn USING btree (purchase_transaction_id);


--
-- Name: alltransactions_purchasetransaction_branch_id_7e3e82cd; Type: INDEX; Schema: public; Owner: amakonana
--

CREATE INDEX alltransactions_purchasetransaction_branch_id_7e3e82cd ON public.alltransactions_purchasetransaction USING btree (branch_id);


--
-- Name: alltransactions_purchasetransaction_enterprise_id_5bc49b1c; Type: INDEX; Schema: public; Owner: amakonana
--

CREATE INDEX alltransactions_purchasetransaction_enterprise_id_5bc49b1c ON public.alltransactions_purchasetransaction USING btree (enterprise_id);


--
-- Name: alltransactions_purchasetransaction_vendor_id_dd7108fc; Type: INDEX; Schema: public; Owner: amakonana
--

CREATE INDEX alltransactions_purchasetransaction_vendor_id_dd7108fc ON public.alltransactions_purchasetransaction USING btree (vendor_id);


--
-- Name: alltransactions_sales_product_id_7ba18a76; Type: INDEX; Schema: public; Owner: amakonana
--

CREATE INDEX alltransactions_sales_product_id_7ba18a76 ON public.alltransactions_sales USING btree (product_id);


--
-- Name: alltransactions_sales_sales_return_id_1d4c0048; Type: INDEX; Schema: public; Owner: amakonana
--

CREATE INDEX alltransactions_sales_sales_return_id_1d4c0048 ON public.alltransactions_sales USING btree (sales_return_id);


--
-- Name: alltransactions_sales_sales_transaction_id_ec0f7304; Type: INDEX; Schema: public; Owner: amakonana
--

CREATE INDEX alltransactions_sales_sales_transaction_id_ec0f7304 ON public.alltransactions_sales USING btree (sales_transaction_id);


--
-- Name: alltransactions_salesreturn_branch_id_56a36be4; Type: INDEX; Schema: public; Owner: amakonana
--

CREATE INDEX alltransactions_salesreturn_branch_id_56a36be4 ON public.alltransactions_salesreturn USING btree (branch_id);


--
-- Name: alltransactions_salesreturn_enterprise_id_f74164fa; Type: INDEX; Schema: public; Owner: amakonana
--

CREATE INDEX alltransactions_salesreturn_enterprise_id_f74164fa ON public.alltransactions_salesreturn USING btree (enterprise_id);


--
-- Name: alltransactions_salesreturn_sales_transaction_id_36994422; Type: INDEX; Schema: public; Owner: amakonana
--

CREATE INDEX alltransactions_salesreturn_sales_transaction_id_36994422 ON public.alltransactions_salesreturn USING btree (sales_transaction_id);


--
-- Name: alltransactions_salestransaction_branch_id_67f8223d; Type: INDEX; Schema: public; Owner: amakonana
--

CREATE INDEX alltransactions_salestransaction_branch_id_67f8223d ON public.alltransactions_salestransaction USING btree (branch_id);


--
-- Name: alltransactions_salestransaction_debtor_id_c8addb3b; Type: INDEX; Schema: public; Owner: amakonana
--

CREATE INDEX alltransactions_salestransaction_debtor_id_c8addb3b ON public.alltransactions_salestransaction USING btree (debtor_id);


--
-- Name: alltransactions_salestransaction_enterprise_id_dc6fd740; Type: INDEX; Schema: public; Owner: amakonana
--

CREATE INDEX alltransactions_salestransaction_enterprise_id_dc6fd740 ON public.alltransactions_salestransaction USING btree (enterprise_id);


--
-- Name: alltransactions_staff_branch_id_dfe4e348; Type: INDEX; Schema: public; Owner: amakonana
--

CREATE INDEX alltransactions_staff_branch_id_dfe4e348 ON public.alltransactions_staff USING btree (branch_id);


--
-- Name: alltransactions_staff_enterprise_id_16eadc4d; Type: INDEX; Schema: public; Owner: amakonana
--

CREATE INDEX alltransactions_staff_enterprise_id_16eadc4d ON public.alltransactions_staff USING btree (enterprise_id);


--
-- Name: alltransactions_stafftransactions_branch_id_2be48122; Type: INDEX; Schema: public; Owner: amakonana
--

CREATE INDEX alltransactions_stafftransactions_branch_id_2be48122 ON public.alltransactions_stafftransactions USING btree (branch_id);


--
-- Name: alltransactions_stafftransactions_enterprise_id_2d4612cf; Type: INDEX; Schema: public; Owner: amakonana
--

CREATE INDEX alltransactions_stafftransactions_enterprise_id_2d4612cf ON public.alltransactions_stafftransactions USING btree (enterprise_id);


--
-- Name: alltransactions_stafftransactions_staff_id_b58dd31b; Type: INDEX; Schema: public; Owner: amakonana
--

CREATE INDEX alltransactions_stafftransactions_staff_id_b58dd31b ON public.alltransactions_stafftransactions USING btree (staff_id);


--
-- Name: alltransactions_vendor_branch_id_4d010710; Type: INDEX; Schema: public; Owner: amakonana
--

CREATE INDEX alltransactions_vendor_branch_id_4d010710 ON public.alltransactions_vendor USING btree (branch_id);


--
-- Name: alltransactions_vendor_enterprise_id_95e7d9cf; Type: INDEX; Schema: public; Owner: amakonana
--

CREATE INDEX alltransactions_vendor_enterprise_id_95e7d9cf ON public.alltransactions_vendor USING btree (enterprise_id);


--
-- Name: alltransactions_vendortran_purchase_transaction_id_4343df62; Type: INDEX; Schema: public; Owner: amakonana
--

CREATE INDEX alltransactions_vendortran_purchase_transaction_id_4343df62 ON public.alltransactions_vendortransactions USING btree (purchase_transaction_id);


--
-- Name: alltransactions_vendortransactions_branch_id_332c392f; Type: INDEX; Schema: public; Owner: amakonana
--

CREATE INDEX alltransactions_vendortransactions_branch_id_332c392f ON public.alltransactions_vendortransactions USING btree (branch_id);


--
-- Name: alltransactions_vendortransactions_enterprise_id_25305b7d; Type: INDEX; Schema: public; Owner: amakonana
--

CREATE INDEX alltransactions_vendortransactions_enterprise_id_25305b7d ON public.alltransactions_vendortransactions USING btree (enterprise_id);


--
-- Name: alltransactions_vendortransactions_vendor_id_123c386d; Type: INDEX; Schema: public; Owner: amakonana
--

CREATE INDEX alltransactions_vendortransactions_vendor_id_123c386d ON public.alltransactions_vendortransactions USING btree (vendor_id);


--
-- Name: auth_group_name_a6ea08ec_like; Type: INDEX; Schema: public; Owner: amakonana
--

CREATE INDEX auth_group_name_a6ea08ec_like ON public.auth_group USING btree (name varchar_pattern_ops);


--
-- Name: auth_group_permissions_group_id_b120cbf9; Type: INDEX; Schema: public; Owner: amakonana
--

CREATE INDEX auth_group_permissions_group_id_b120cbf9 ON public.auth_group_permissions USING btree (group_id);


--
-- Name: auth_group_permissions_permission_id_84c5c92e; Type: INDEX; Schema: public; Owner: amakonana
--

CREATE INDEX auth_group_permissions_permission_id_84c5c92e ON public.auth_group_permissions USING btree (permission_id);


--
-- Name: auth_permission_content_type_id_2f476e4b; Type: INDEX; Schema: public; Owner: amakonana
--

CREATE INDEX auth_permission_content_type_id_2f476e4b ON public.auth_permission USING btree (content_type_id);


--
-- Name: django_admin_log_content_type_id_c4bce8eb; Type: INDEX; Schema: public; Owner: amakonana
--

CREATE INDEX django_admin_log_content_type_id_c4bce8eb ON public.django_admin_log USING btree (content_type_id);


--
-- Name: django_admin_log_user_id_c564eba6; Type: INDEX; Schema: public; Owner: amakonana
--

CREATE INDEX django_admin_log_user_id_c564eba6 ON public.django_admin_log USING btree (user_id);


--
-- Name: django_session_expire_date_a5c62663; Type: INDEX; Schema: public; Owner: amakonana
--

CREATE INDEX django_session_expire_date_a5c62663 ON public.django_session USING btree (expire_date);


--
-- Name: django_session_session_key_c0390e0f_like; Type: INDEX; Schema: public; Owner: amakonana
--

CREATE INDEX django_session_session_key_c0390e0f_like ON public.django_session USING btree (session_key varchar_pattern_ops);


--
-- Name: enterprise_branch_enterprise_id_b6875737; Type: INDEX; Schema: public; Owner: amakonana
--

CREATE INDEX enterprise_branch_enterprise_id_b6875737 ON public.enterprise_branch USING btree (enterprise_id);


--
-- Name: enterprise_person_branch_id_faa882df; Type: INDEX; Schema: public; Owner: amakonana
--

CREATE INDEX enterprise_person_branch_id_faa882df ON public.enterprise_person USING btree (branch_id);


--
-- Name: enterprise_person_enterprise_id_fe63ae23; Type: INDEX; Schema: public; Owner: amakonana
--

CREATE INDEX enterprise_person_enterprise_id_fe63ae23 ON public.enterprise_person USING btree (enterprise_id);


--
-- Name: order_order_branch_id_c2175890; Type: INDEX; Schema: public; Owner: amakonana
--

CREATE INDEX order_order_branch_id_c2175890 ON public.order_order USING btree (branch_id);


--
-- Name: order_order_enterprise_id_97f9c66f; Type: INDEX; Schema: public; Owner: amakonana
--

CREATE INDEX order_order_enterprise_id_97f9c66f ON public.order_order USING btree (enterprise_id);


--
-- Name: order_orderitem_order_id_aba34f44; Type: INDEX; Schema: public; Owner: amakonana
--

CREATE INDEX order_orderitem_order_id_aba34f44 ON public.order_orderitem USING btree (order_id);


--
-- Name: userauth_user_email_526cefd9_like; Type: INDEX; Schema: public; Owner: amakonana
--

CREATE INDEX userauth_user_email_526cefd9_like ON public.userauth_user USING btree (email varchar_pattern_ops);


--
-- Name: userauth_user_groups_group_id_248add28; Type: INDEX; Schema: public; Owner: amakonana
--

CREATE INDEX userauth_user_groups_group_id_248add28 ON public.userauth_user_groups USING btree (group_id);


--
-- Name: userauth_user_groups_user_id_4e653733; Type: INDEX; Schema: public; Owner: amakonana
--

CREATE INDEX userauth_user_groups_user_id_4e653733 ON public.userauth_user_groups USING btree (user_id);


--
-- Name: userauth_user_user_permissions_permission_id_f1415beb; Type: INDEX; Schema: public; Owner: amakonana
--

CREATE INDEX userauth_user_user_permissions_permission_id_f1415beb ON public.userauth_user_user_permissions USING btree (permission_id);


--
-- Name: userauth_user_user_permissions_user_id_e644b2fd; Type: INDEX; Schema: public; Owner: amakonana
--

CREATE INDEX userauth_user_user_permissions_user_id_e644b2fd ON public.userauth_user_user_permissions USING btree (user_id);


--
-- Name: allinventory_brand allinventory_brand_branch_id_4539d85e_fk_enterprise_branch_id; Type: FK CONSTRAINT; Schema: public; Owner: amakonana
--

ALTER TABLE ONLY public.allinventory_brand
    ADD CONSTRAINT allinventory_brand_branch_id_4539d85e_fk_enterprise_branch_id FOREIGN KEY (branch_id) REFERENCES public.enterprise_branch(id) DEFERRABLE INITIALLY DEFERRED;


--
-- Name: allinventory_brand allinventory_brand_enterprise_id_da83b23c_fk_enterpris; Type: FK CONSTRAINT; Schema: public; Owner: amakonana
--

ALTER TABLE ONLY public.allinventory_brand
    ADD CONSTRAINT allinventory_brand_enterprise_id_da83b23c_fk_enterpris FOREIGN KEY (enterprise_id) REFERENCES public.enterprise_enterprise(id) DEFERRABLE INITIALLY DEFERRED;


--
-- Name: allinventory_manufacture allinventory_manufac_branch_id_5e379f63_fk_enterpris; Type: FK CONSTRAINT; Schema: public; Owner: amakonana
--

ALTER TABLE ONLY public.allinventory_manufacture
    ADD CONSTRAINT allinventory_manufac_branch_id_5e379f63_fk_enterpris FOREIGN KEY (branch_id) REFERENCES public.enterprise_branch(id) DEFERRABLE INITIALLY DEFERRED;


--
-- Name: allinventory_manufacture allinventory_manufac_enterprise_id_cbb7a00c_fk_enterpris; Type: FK CONSTRAINT; Schema: public; Owner: amakonana
--

ALTER TABLE ONLY public.allinventory_manufacture
    ADD CONSTRAINT allinventory_manufac_enterprise_id_cbb7a00c_fk_enterpris FOREIGN KEY (enterprise_id) REFERENCES public.enterprise_enterprise(id) DEFERRABLE INITIALLY DEFERRED;


--
-- Name: allinventory_manufactureitem allinventory_manufac_manufacture_id_cf254725_fk_allinvent; Type: FK CONSTRAINT; Schema: public; Owner: amakonana
--

ALTER TABLE ONLY public.allinventory_manufactureitem
    ADD CONSTRAINT allinventory_manufac_manufacture_id_cf254725_fk_allinvent FOREIGN KEY (manufacture_id) REFERENCES public.allinventory_manufacture(id) DEFERRABLE INITIALLY DEFERRED;


--
-- Name: allinventory_manufactureitem allinventory_manufac_product_id_843ebd07_fk_allinvent; Type: FK CONSTRAINT; Schema: public; Owner: amakonana
--

ALTER TABLE ONLY public.allinventory_manufactureitem
    ADD CONSTRAINT allinventory_manufac_product_id_843ebd07_fk_allinvent FOREIGN KEY (product_id) REFERENCES public.allinventory_product(id) DEFERRABLE INITIALLY DEFERRED;


--
-- Name: allinventory_product allinventory_product_branch_id_1f9718c8_fk_enterprise_branch_id; Type: FK CONSTRAINT; Schema: public; Owner: amakonana
--

ALTER TABLE ONLY public.allinventory_product
    ADD CONSTRAINT allinventory_product_branch_id_1f9718c8_fk_enterprise_branch_id FOREIGN KEY (branch_id) REFERENCES public.enterprise_branch(id) DEFERRABLE INITIALLY DEFERRED;


--
-- Name: allinventory_product allinventory_product_brand_id_363fce47_fk_allinventory_brand_id; Type: FK CONSTRAINT; Schema: public; Owner: amakonana
--

ALTER TABLE ONLY public.allinventory_product
    ADD CONSTRAINT allinventory_product_brand_id_363fce47_fk_allinventory_brand_id FOREIGN KEY (brand_id) REFERENCES public.allinventory_brand(id) DEFERRABLE INITIALLY DEFERRED;


--
-- Name: allinventory_product allinventory_product_enterprise_id_5d8efc84_fk_enterpris; Type: FK CONSTRAINT; Schema: public; Owner: amakonana
--

ALTER TABLE ONLY public.allinventory_product
    ADD CONSTRAINT allinventory_product_enterprise_id_5d8efc84_fk_enterpris FOREIGN KEY (enterprise_id) REFERENCES public.enterprise_enterprise(id) DEFERRABLE INITIALLY DEFERRED;


--
-- Name: allinventory_product_vendor allinventory_product_product_id_ca20a472_fk_allinvent; Type: FK CONSTRAINT; Schema: public; Owner: amakonana
--

ALTER TABLE ONLY public.allinventory_product_vendor
    ADD CONSTRAINT allinventory_product_product_id_ca20a472_fk_allinvent FOREIGN KEY (product_id) REFERENCES public.allinventory_product(id) DEFERRABLE INITIALLY DEFERRED;


--
-- Name: allinventory_product_vendor allinventory_product_vendor_id_42be6473_fk_alltransa; Type: FK CONSTRAINT; Schema: public; Owner: amakonana
--

ALTER TABLE ONLY public.allinventory_product_vendor
    ADD CONSTRAINT allinventory_product_vendor_id_42be6473_fk_alltransa FOREIGN KEY (vendor_id) REFERENCES public.alltransactions_vendor(id) DEFERRABLE INITIALLY DEFERRED;


--
-- Name: alltransactions_customer alltransactions_cust_enterprise_id_8c48f5bd_fk_enterpris; Type: FK CONSTRAINT; Schema: public; Owner: amakonana
--

ALTER TABLE ONLY public.alltransactions_customer
    ADD CONSTRAINT alltransactions_cust_enterprise_id_8c48f5bd_fk_enterpris FOREIGN KEY (enterprise_id) REFERENCES public.enterprise_enterprise(id) DEFERRABLE INITIALLY DEFERRED;


--
-- Name: alltransactions_debtortransaction alltransactions_debt_all_sales_transactio_e8c44cac_fk_alltransa; Type: FK CONSTRAINT; Schema: public; Owner: amakonana
--

ALTER TABLE ONLY public.alltransactions_debtortransaction
    ADD CONSTRAINT alltransactions_debt_all_sales_transactio_e8c44cac_fk_alltransa FOREIGN KEY (all_sales_transaction_id) REFERENCES public.alltransactions_salestransaction(id) DEFERRABLE INITIALLY DEFERRED;


--
-- Name: alltransactions_debtor alltransactions_debt_branch_id_1e812cbc_fk_enterpris; Type: FK CONSTRAINT; Schema: public; Owner: amakonana
--

ALTER TABLE ONLY public.alltransactions_debtor
    ADD CONSTRAINT alltransactions_debt_branch_id_1e812cbc_fk_enterpris FOREIGN KEY (branch_id) REFERENCES public.enterprise_branch(id) DEFERRABLE INITIALLY DEFERRED;


--
-- Name: alltransactions_debtortransaction alltransactions_debt_branch_id_27421b30_fk_enterpris; Type: FK CONSTRAINT; Schema: public; Owner: amakonana
--

ALTER TABLE ONLY public.alltransactions_debtortransaction
    ADD CONSTRAINT alltransactions_debt_branch_id_27421b30_fk_enterpris FOREIGN KEY (branch_id) REFERENCES public.enterprise_branch(id) DEFERRABLE INITIALLY DEFERRED;


--
-- Name: alltransactions_debtortransaction alltransactions_debt_debtor_id_3d68063d_fk_alltransa; Type: FK CONSTRAINT; Schema: public; Owner: amakonana
--

ALTER TABLE ONLY public.alltransactions_debtortransaction
    ADD CONSTRAINT alltransactions_debt_debtor_id_3d68063d_fk_alltransa FOREIGN KEY (debtor_id) REFERENCES public.alltransactions_debtor(id) DEFERRABLE INITIALLY DEFERRED;


--
-- Name: alltransactions_debtor alltransactions_debt_enterprise_id_9f593899_fk_enterpris; Type: FK CONSTRAINT; Schema: public; Owner: amakonana
--

ALTER TABLE ONLY public.alltransactions_debtor
    ADD CONSTRAINT alltransactions_debt_enterprise_id_9f593899_fk_enterpris FOREIGN KEY (enterprise_id) REFERENCES public.enterprise_enterprise(id) DEFERRABLE INITIALLY DEFERRED;


--
-- Name: alltransactions_debtortransaction alltransactions_debt_enterprise_id_e507a0d0_fk_enterpris; Type: FK CONSTRAINT; Schema: public; Owner: amakonana
--

ALTER TABLE ONLY public.alltransactions_debtortransaction
    ADD CONSTRAINT alltransactions_debt_enterprise_id_e507a0d0_fk_enterpris FOREIGN KEY (enterprise_id) REFERENCES public.enterprise_enterprise(id) DEFERRABLE INITIALLY DEFERRED;


--
-- Name: alltransactions_purchasetransaction alltransactions_purc_branch_id_7e3e82cd_fk_enterpris; Type: FK CONSTRAINT; Schema: public; Owner: amakonana
--

ALTER TABLE ONLY public.alltransactions_purchasetransaction
    ADD CONSTRAINT alltransactions_purc_branch_id_7e3e82cd_fk_enterpris FOREIGN KEY (branch_id) REFERENCES public.enterprise_branch(id) DEFERRABLE INITIALLY DEFERRED;


--
-- Name: alltransactions_purchasereturn alltransactions_purc_branch_id_c78b4381_fk_enterpris; Type: FK CONSTRAINT; Schema: public; Owner: amakonana
--

ALTER TABLE ONLY public.alltransactions_purchasereturn
    ADD CONSTRAINT alltransactions_purc_branch_id_c78b4381_fk_enterpris FOREIGN KEY (branch_id) REFERENCES public.enterprise_branch(id) DEFERRABLE INITIALLY DEFERRED;


--
-- Name: alltransactions_purchasetransaction alltransactions_purc_enterprise_id_5bc49b1c_fk_enterpris; Type: FK CONSTRAINT; Schema: public; Owner: amakonana
--

ALTER TABLE ONLY public.alltransactions_purchasetransaction
    ADD CONSTRAINT alltransactions_purc_enterprise_id_5bc49b1c_fk_enterpris FOREIGN KEY (enterprise_id) REFERENCES public.enterprise_enterprise(id) DEFERRABLE INITIALLY DEFERRED;


--
-- Name: alltransactions_purchasereturn alltransactions_purc_enterprise_id_6f1b02b9_fk_enterpris; Type: FK CONSTRAINT; Schema: public; Owner: amakonana
--

ALTER TABLE ONLY public.alltransactions_purchasereturn
    ADD CONSTRAINT alltransactions_purc_enterprise_id_6f1b02b9_fk_enterpris FOREIGN KEY (enterprise_id) REFERENCES public.enterprise_enterprise(id) DEFERRABLE INITIALLY DEFERRED;


--
-- Name: alltransactions_purchase alltransactions_purc_product_id_e4d23026_fk_allinvent; Type: FK CONSTRAINT; Schema: public; Owner: amakonana
--

ALTER TABLE ONLY public.alltransactions_purchase
    ADD CONSTRAINT alltransactions_purc_product_id_e4d23026_fk_allinvent FOREIGN KEY (product_id) REFERENCES public.allinventory_product(id) DEFERRABLE INITIALLY DEFERRED;


--
-- Name: alltransactions_purchase alltransactions_purc_purchase_return_id_b32b5b3b_fk_alltransa; Type: FK CONSTRAINT; Schema: public; Owner: amakonana
--

ALTER TABLE ONLY public.alltransactions_purchase
    ADD CONSTRAINT alltransactions_purc_purchase_return_id_b32b5b3b_fk_alltransa FOREIGN KEY (purchase_return_id) REFERENCES public.alltransactions_purchasereturn(id) DEFERRABLE INITIALLY DEFERRED;


--
-- Name: alltransactions_purchasereturn alltransactions_purc_purchase_transaction_034116d6_fk_alltransa; Type: FK CONSTRAINT; Schema: public; Owner: amakonana
--

ALTER TABLE ONLY public.alltransactions_purchasereturn
    ADD CONSTRAINT alltransactions_purc_purchase_transaction_034116d6_fk_alltransa FOREIGN KEY (purchase_transaction_id) REFERENCES public.alltransactions_purchasetransaction(id) DEFERRABLE INITIALLY DEFERRED;


--
-- Name: alltransactions_purchase alltransactions_purc_purchase_transaction_8e3ffa0e_fk_alltransa; Type: FK CONSTRAINT; Schema: public; Owner: amakonana
--

ALTER TABLE ONLY public.alltransactions_purchase
    ADD CONSTRAINT alltransactions_purc_purchase_transaction_8e3ffa0e_fk_alltransa FOREIGN KEY (purchase_transaction_id) REFERENCES public.alltransactions_purchasetransaction(id) DEFERRABLE INITIALLY DEFERRED;


--
-- Name: alltransactions_purchasetransaction alltransactions_purc_vendor_id_dd7108fc_fk_alltransa; Type: FK CONSTRAINT; Schema: public; Owner: amakonana
--

ALTER TABLE ONLY public.alltransactions_purchasetransaction
    ADD CONSTRAINT alltransactions_purc_vendor_id_dd7108fc_fk_alltransa FOREIGN KEY (vendor_id) REFERENCES public.alltransactions_vendor(id) DEFERRABLE INITIALLY DEFERRED;


--
-- Name: alltransactions_salesreturn alltransactions_sale_branch_id_56a36be4_fk_enterpris; Type: FK CONSTRAINT; Schema: public; Owner: amakonana
--

ALTER TABLE ONLY public.alltransactions_salesreturn
    ADD CONSTRAINT alltransactions_sale_branch_id_56a36be4_fk_enterpris FOREIGN KEY (branch_id) REFERENCES public.enterprise_branch(id) DEFERRABLE INITIALLY DEFERRED;


--
-- Name: alltransactions_salestransaction alltransactions_sale_branch_id_67f8223d_fk_enterpris; Type: FK CONSTRAINT; Schema: public; Owner: amakonana
--

ALTER TABLE ONLY public.alltransactions_salestransaction
    ADD CONSTRAINT alltransactions_sale_branch_id_67f8223d_fk_enterpris FOREIGN KEY (branch_id) REFERENCES public.enterprise_branch(id) DEFERRABLE INITIALLY DEFERRED;


--
-- Name: alltransactions_salestransaction alltransactions_sale_debtor_id_c8addb3b_fk_alltransa; Type: FK CONSTRAINT; Schema: public; Owner: amakonana
--

ALTER TABLE ONLY public.alltransactions_salestransaction
    ADD CONSTRAINT alltransactions_sale_debtor_id_c8addb3b_fk_alltransa FOREIGN KEY (debtor_id) REFERENCES public.alltransactions_debtor(id) DEFERRABLE INITIALLY DEFERRED;


--
-- Name: alltransactions_salestransaction alltransactions_sale_enterprise_id_dc6fd740_fk_enterpris; Type: FK CONSTRAINT; Schema: public; Owner: amakonana
--

ALTER TABLE ONLY public.alltransactions_salestransaction
    ADD CONSTRAINT alltransactions_sale_enterprise_id_dc6fd740_fk_enterpris FOREIGN KEY (enterprise_id) REFERENCES public.enterprise_enterprise(id) DEFERRABLE INITIALLY DEFERRED;


--
-- Name: alltransactions_salesreturn alltransactions_sale_enterprise_id_f74164fa_fk_enterpris; Type: FK CONSTRAINT; Schema: public; Owner: amakonana
--

ALTER TABLE ONLY public.alltransactions_salesreturn
    ADD CONSTRAINT alltransactions_sale_enterprise_id_f74164fa_fk_enterpris FOREIGN KEY (enterprise_id) REFERENCES public.enterprise_enterprise(id) DEFERRABLE INITIALLY DEFERRED;


--
-- Name: alltransactions_sales alltransactions_sale_product_id_7ba18a76_fk_allinvent; Type: FK CONSTRAINT; Schema: public; Owner: amakonana
--

ALTER TABLE ONLY public.alltransactions_sales
    ADD CONSTRAINT alltransactions_sale_product_id_7ba18a76_fk_allinvent FOREIGN KEY (product_id) REFERENCES public.allinventory_product(id) DEFERRABLE INITIALLY DEFERRED;


--
-- Name: alltransactions_sales alltransactions_sale_sales_return_id_1d4c0048_fk_alltransa; Type: FK CONSTRAINT; Schema: public; Owner: amakonana
--

ALTER TABLE ONLY public.alltransactions_sales
    ADD CONSTRAINT alltransactions_sale_sales_return_id_1d4c0048_fk_alltransa FOREIGN KEY (sales_return_id) REFERENCES public.alltransactions_salesreturn(id) DEFERRABLE INITIALLY DEFERRED;


--
-- Name: alltransactions_salesreturn alltransactions_sale_sales_transaction_id_36994422_fk_alltransa; Type: FK CONSTRAINT; Schema: public; Owner: amakonana
--

ALTER TABLE ONLY public.alltransactions_salesreturn
    ADD CONSTRAINT alltransactions_sale_sales_transaction_id_36994422_fk_alltransa FOREIGN KEY (sales_transaction_id) REFERENCES public.alltransactions_salestransaction(id) DEFERRABLE INITIALLY DEFERRED;


--
-- Name: alltransactions_sales alltransactions_sale_sales_transaction_id_ec0f7304_fk_alltransa; Type: FK CONSTRAINT; Schema: public; Owner: amakonana
--

ALTER TABLE ONLY public.alltransactions_sales
    ADD CONSTRAINT alltransactions_sale_sales_transaction_id_ec0f7304_fk_alltransa FOREIGN KEY (sales_transaction_id) REFERENCES public.alltransactions_salestransaction(id) DEFERRABLE INITIALLY DEFERRED;


--
-- Name: alltransactions_stafftransactions alltransactions_staf_branch_id_2be48122_fk_enterpris; Type: FK CONSTRAINT; Schema: public; Owner: amakonana
--

ALTER TABLE ONLY public.alltransactions_stafftransactions
    ADD CONSTRAINT alltransactions_staf_branch_id_2be48122_fk_enterpris FOREIGN KEY (branch_id) REFERENCES public.enterprise_branch(id) DEFERRABLE INITIALLY DEFERRED;


--
-- Name: alltransactions_staff alltransactions_staf_branch_id_dfe4e348_fk_enterpris; Type: FK CONSTRAINT; Schema: public; Owner: amakonana
--

ALTER TABLE ONLY public.alltransactions_staff
    ADD CONSTRAINT alltransactions_staf_branch_id_dfe4e348_fk_enterpris FOREIGN KEY (branch_id) REFERENCES public.enterprise_branch(id) DEFERRABLE INITIALLY DEFERRED;


--
-- Name: alltransactions_staff alltransactions_staf_enterprise_id_16eadc4d_fk_enterpris; Type: FK CONSTRAINT; Schema: public; Owner: amakonana
--

ALTER TABLE ONLY public.alltransactions_staff
    ADD CONSTRAINT alltransactions_staf_enterprise_id_16eadc4d_fk_enterpris FOREIGN KEY (enterprise_id) REFERENCES public.enterprise_enterprise(id) DEFERRABLE INITIALLY DEFERRED;


--
-- Name: alltransactions_stafftransactions alltransactions_staf_enterprise_id_2d4612cf_fk_enterpris; Type: FK CONSTRAINT; Schema: public; Owner: amakonana
--

ALTER TABLE ONLY public.alltransactions_stafftransactions
    ADD CONSTRAINT alltransactions_staf_enterprise_id_2d4612cf_fk_enterpris FOREIGN KEY (enterprise_id) REFERENCES public.enterprise_enterprise(id) DEFERRABLE INITIALLY DEFERRED;


--
-- Name: alltransactions_stafftransactions alltransactions_staf_staff_id_b58dd31b_fk_alltransa; Type: FK CONSTRAINT; Schema: public; Owner: amakonana
--

ALTER TABLE ONLY public.alltransactions_stafftransactions
    ADD CONSTRAINT alltransactions_staf_staff_id_b58dd31b_fk_alltransa FOREIGN KEY (staff_id) REFERENCES public.alltransactions_staff(id) DEFERRABLE INITIALLY DEFERRED;


--
-- Name: alltransactions_vendortransactions alltransactions_vend_branch_id_332c392f_fk_enterpris; Type: FK CONSTRAINT; Schema: public; Owner: amakonana
--

ALTER TABLE ONLY public.alltransactions_vendortransactions
    ADD CONSTRAINT alltransactions_vend_branch_id_332c392f_fk_enterpris FOREIGN KEY (branch_id) REFERENCES public.enterprise_branch(id) DEFERRABLE INITIALLY DEFERRED;


--
-- Name: alltransactions_vendor alltransactions_vend_branch_id_4d010710_fk_enterpris; Type: FK CONSTRAINT; Schema: public; Owner: amakonana
--

ALTER TABLE ONLY public.alltransactions_vendor
    ADD CONSTRAINT alltransactions_vend_branch_id_4d010710_fk_enterpris FOREIGN KEY (branch_id) REFERENCES public.enterprise_branch(id) DEFERRABLE INITIALLY DEFERRED;


--
-- Name: alltransactions_vendortransactions alltransactions_vend_enterprise_id_25305b7d_fk_enterpris; Type: FK CONSTRAINT; Schema: public; Owner: amakonana
--

ALTER TABLE ONLY public.alltransactions_vendortransactions
    ADD CONSTRAINT alltransactions_vend_enterprise_id_25305b7d_fk_enterpris FOREIGN KEY (enterprise_id) REFERENCES public.enterprise_enterprise(id) DEFERRABLE INITIALLY DEFERRED;


--
-- Name: alltransactions_vendor alltransactions_vend_enterprise_id_95e7d9cf_fk_enterpris; Type: FK CONSTRAINT; Schema: public; Owner: amakonana
--

ALTER TABLE ONLY public.alltransactions_vendor
    ADD CONSTRAINT alltransactions_vend_enterprise_id_95e7d9cf_fk_enterpris FOREIGN KEY (enterprise_id) REFERENCES public.enterprise_enterprise(id) DEFERRABLE INITIALLY DEFERRED;


--
-- Name: alltransactions_vendortransactions alltransactions_vend_purchase_transaction_4343df62_fk_alltransa; Type: FK CONSTRAINT; Schema: public; Owner: amakonana
--

ALTER TABLE ONLY public.alltransactions_vendortransactions
    ADD CONSTRAINT alltransactions_vend_purchase_transaction_4343df62_fk_alltransa FOREIGN KEY (purchase_transaction_id) REFERENCES public.alltransactions_purchasetransaction(id) DEFERRABLE INITIALLY DEFERRED;


--
-- Name: alltransactions_vendortransactions alltransactions_vend_vendor_id_123c386d_fk_alltransa; Type: FK CONSTRAINT; Schema: public; Owner: amakonana
--

ALTER TABLE ONLY public.alltransactions_vendortransactions
    ADD CONSTRAINT alltransactions_vend_vendor_id_123c386d_fk_alltransa FOREIGN KEY (vendor_id) REFERENCES public.alltransactions_vendor(id) DEFERRABLE INITIALLY DEFERRED;


--
-- Name: auth_group_permissions auth_group_permissio_permission_id_84c5c92e_fk_auth_perm; Type: FK CONSTRAINT; Schema: public; Owner: amakonana
--

ALTER TABLE ONLY public.auth_group_permissions
    ADD CONSTRAINT auth_group_permissio_permission_id_84c5c92e_fk_auth_perm FOREIGN KEY (permission_id) REFERENCES public.auth_permission(id) DEFERRABLE INITIALLY DEFERRED;


--
-- Name: auth_group_permissions auth_group_permissions_group_id_b120cbf9_fk_auth_group_id; Type: FK CONSTRAINT; Schema: public; Owner: amakonana
--

ALTER TABLE ONLY public.auth_group_permissions
    ADD CONSTRAINT auth_group_permissions_group_id_b120cbf9_fk_auth_group_id FOREIGN KEY (group_id) REFERENCES public.auth_group(id) DEFERRABLE INITIALLY DEFERRED;


--
-- Name: auth_permission auth_permission_content_type_id_2f476e4b_fk_django_co; Type: FK CONSTRAINT; Schema: public; Owner: amakonana
--

ALTER TABLE ONLY public.auth_permission
    ADD CONSTRAINT auth_permission_content_type_id_2f476e4b_fk_django_co FOREIGN KEY (content_type_id) REFERENCES public.django_content_type(id) DEFERRABLE INITIALLY DEFERRED;


--
-- Name: django_admin_log django_admin_log_content_type_id_c4bce8eb_fk_django_co; Type: FK CONSTRAINT; Schema: public; Owner: amakonana
--

ALTER TABLE ONLY public.django_admin_log
    ADD CONSTRAINT django_admin_log_content_type_id_c4bce8eb_fk_django_co FOREIGN KEY (content_type_id) REFERENCES public.django_content_type(id) DEFERRABLE INITIALLY DEFERRED;


--
-- Name: django_admin_log django_admin_log_user_id_c564eba6_fk_userauth_user_id; Type: FK CONSTRAINT; Schema: public; Owner: amakonana
--

ALTER TABLE ONLY public.django_admin_log
    ADD CONSTRAINT django_admin_log_user_id_c564eba6_fk_userauth_user_id FOREIGN KEY (user_id) REFERENCES public.userauth_user(id) DEFERRABLE INITIALLY DEFERRED;


--
-- Name: enterprise_branch enterprise_branch_enterprise_id_b6875737_fk_enterpris; Type: FK CONSTRAINT; Schema: public; Owner: amakonana
--

ALTER TABLE ONLY public.enterprise_branch
    ADD CONSTRAINT enterprise_branch_enterprise_id_b6875737_fk_enterpris FOREIGN KEY (enterprise_id) REFERENCES public.enterprise_enterprise(id) DEFERRABLE INITIALLY DEFERRED;


--
-- Name: enterprise_person enterprise_person_branch_id_faa882df_fk_enterprise_branch_id; Type: FK CONSTRAINT; Schema: public; Owner: amakonana
--

ALTER TABLE ONLY public.enterprise_person
    ADD CONSTRAINT enterprise_person_branch_id_faa882df_fk_enterprise_branch_id FOREIGN KEY (branch_id) REFERENCES public.enterprise_branch(id) DEFERRABLE INITIALLY DEFERRED;


--
-- Name: enterprise_person enterprise_person_enterprise_id_fe63ae23_fk_enterpris; Type: FK CONSTRAINT; Schema: public; Owner: amakonana
--

ALTER TABLE ONLY public.enterprise_person
    ADD CONSTRAINT enterprise_person_enterprise_id_fe63ae23_fk_enterpris FOREIGN KEY (enterprise_id) REFERENCES public.enterprise_enterprise(id) DEFERRABLE INITIALLY DEFERRED;


--
-- Name: enterprise_person enterprise_person_user_id_98222e94_fk_userauth_user_id; Type: FK CONSTRAINT; Schema: public; Owner: amakonana
--

ALTER TABLE ONLY public.enterprise_person
    ADD CONSTRAINT enterprise_person_user_id_98222e94_fk_userauth_user_id FOREIGN KEY (user_id) REFERENCES public.userauth_user(id) DEFERRABLE INITIALLY DEFERRED;


--
-- Name: order_order order_order_branch_id_c2175890_fk_enterprise_branch_id; Type: FK CONSTRAINT; Schema: public; Owner: amakonana
--

ALTER TABLE ONLY public.order_order
    ADD CONSTRAINT order_order_branch_id_c2175890_fk_enterprise_branch_id FOREIGN KEY (branch_id) REFERENCES public.enterprise_branch(id) DEFERRABLE INITIALLY DEFERRED;


--
-- Name: order_order order_order_enterprise_id_97f9c66f_fk_enterprise_enterprise_id; Type: FK CONSTRAINT; Schema: public; Owner: amakonana
--

ALTER TABLE ONLY public.order_order
    ADD CONSTRAINT order_order_enterprise_id_97f9c66f_fk_enterprise_enterprise_id FOREIGN KEY (enterprise_id) REFERENCES public.enterprise_enterprise(id) DEFERRABLE INITIALLY DEFERRED;


--
-- Name: order_orderitem order_orderitem_order_id_aba34f44_fk_order_order_id; Type: FK CONSTRAINT; Schema: public; Owner: amakonana
--

ALTER TABLE ONLY public.order_orderitem
    ADD CONSTRAINT order_orderitem_order_id_aba34f44_fk_order_order_id FOREIGN KEY (order_id) REFERENCES public.order_order(id) DEFERRABLE INITIALLY DEFERRED;


--
-- Name: userauth_user_groups userauth_user_groups_group_id_248add28_fk_auth_group_id; Type: FK CONSTRAINT; Schema: public; Owner: amakonana
--

ALTER TABLE ONLY public.userauth_user_groups
    ADD CONSTRAINT userauth_user_groups_group_id_248add28_fk_auth_group_id FOREIGN KEY (group_id) REFERENCES public.auth_group(id) DEFERRABLE INITIALLY DEFERRED;


--
-- Name: userauth_user_groups userauth_user_groups_user_id_4e653733_fk_userauth_user_id; Type: FK CONSTRAINT; Schema: public; Owner: amakonana
--

ALTER TABLE ONLY public.userauth_user_groups
    ADD CONSTRAINT userauth_user_groups_user_id_4e653733_fk_userauth_user_id FOREIGN KEY (user_id) REFERENCES public.userauth_user(id) DEFERRABLE INITIALLY DEFERRED;


--
-- Name: userauth_user_user_permissions userauth_user_user_p_permission_id_f1415beb_fk_auth_perm; Type: FK CONSTRAINT; Schema: public; Owner: amakonana
--

ALTER TABLE ONLY public.userauth_user_user_permissions
    ADD CONSTRAINT userauth_user_user_p_permission_id_f1415beb_fk_auth_perm FOREIGN KEY (permission_id) REFERENCES public.auth_permission(id) DEFERRABLE INITIALLY DEFERRED;


--
-- Name: userauth_user_user_permissions userauth_user_user_p_user_id_e644b2fd_fk_userauth_; Type: FK CONSTRAINT; Schema: public; Owner: amakonana
--

ALTER TABLE ONLY public.userauth_user_user_permissions
    ADD CONSTRAINT userauth_user_user_p_user_id_e644b2fd_fk_userauth_ FOREIGN KEY (user_id) REFERENCES public.userauth_user(id) DEFERRABLE INITIALLY DEFERRED;


--
-- PostgreSQL database dump complete
--

