--
-- PostgreSQL database dump
--

-- Dumped from database version 15.13
-- Dumped by pg_dump version 17.5 (Debian 17.5-1)

SET statement_timeout = 0;
SET lock_timeout = 0;
SET idle_in_transaction_session_timeout = 0;
SET transaction_timeout = 0;
SET client_encoding = 'UTF8';
SET standard_conforming_strings = on;
SELECT pg_catalog.set_config('search_path', '', false);
SET check_function_bodies = false;
SET xmloption = content;
SET client_min_messages = warning;
SET row_security = off;

SET default_tablespace = '';

SET default_table_access_method = heap;

--
-- Name: allinventory_brand; Type: TABLE; Schema: public; Owner: amakonana
--

CREATE TABLE public.allinventory_brand (
    id bigint NOT NULL,
    name character varying(255) NOT NULL,
    stock double precision,
    count integer,
    branch_id bigint,
    enterprise_id bigint NOT NULL
);


ALTER TABLE public.allinventory_brand OWNER TO amakonana;

--
-- Name: allinventory_brand_id_seq; Type: SEQUENCE; Schema: public; Owner: amakonana
--

ALTER TABLE public.allinventory_brand ALTER COLUMN id ADD GENERATED BY DEFAULT AS IDENTITY (
    SEQUENCE NAME public.allinventory_brand_id_seq
    START WITH 1
    INCREMENT BY 1
    NO MINVALUE
    NO MAXVALUE
    CACHE 1
);


--
-- Name: allinventory_manufacture; Type: TABLE; Schema: public; Owner: amakonana
--

CREATE TABLE public.allinventory_manufacture (
    id bigint NOT NULL,
    date date,
    branch_id bigint,
    enterprise_id bigint NOT NULL
);


ALTER TABLE public.allinventory_manufacture OWNER TO amakonana;

--
-- Name: allinventory_manufacture_id_seq; Type: SEQUENCE; Schema: public; Owner: amakonana
--

ALTER TABLE public.allinventory_manufacture ALTER COLUMN id ADD GENERATED BY DEFAULT AS IDENTITY (
    SEQUENCE NAME public.allinventory_manufacture_id_seq
    START WITH 1
    INCREMENT BY 1
    NO MINVALUE
    NO MAXVALUE
    CACHE 1
);


--
-- Name: allinventory_manufactureitem; Type: TABLE; Schema: public; Owner: amakonana
--

CREATE TABLE public.allinventory_manufactureitem (
    id bigint NOT NULL,
    quantity integer,
    manufacture_id bigint NOT NULL,
    product_id bigint NOT NULL
);


ALTER TABLE public.allinventory_manufactureitem OWNER TO amakonana;

--
-- Name: allinventory_manufactureitem_id_seq; Type: SEQUENCE; Schema: public; Owner: amakonana
--

ALTER TABLE public.allinventory_manufactureitem ALTER COLUMN id ADD GENERATED BY DEFAULT AS IDENTITY (
    SEQUENCE NAME public.allinventory_manufactureitem_id_seq
    START WITH 1
    INCREMENT BY 1
    NO MINVALUE
    NO MAXVALUE
    CACHE 1
);


--
-- Name: allinventory_product; Type: TABLE; Schema: public; Owner: amakonana
--

CREATE TABLE public.allinventory_product (
    id bigint NOT NULL,
    name character varying(255) NOT NULL,
    uid character varying(12) NOT NULL,
    cost_price double precision,
    selling_price double precision,
    stock integer,
    count integer,
    branch_id bigint,
    brand_id bigint NOT NULL,
    enterprise_id bigint NOT NULL,
    print_pattern character varying(100)
);


ALTER TABLE public.allinventory_product OWNER TO amakonana;

--
-- Name: allinventory_product_id_seq; Type: SEQUENCE; Schema: public; Owner: amakonana
--

ALTER TABLE public.allinventory_product ALTER COLUMN id ADD GENERATED BY DEFAULT AS IDENTITY (
    SEQUENCE NAME public.allinventory_product_id_seq
    START WITH 1
    INCREMENT BY 1
    NO MINVALUE
    NO MAXVALUE
    CACHE 1
);


--
-- Name: allinventory_product_vendor; Type: TABLE; Schema: public; Owner: amakonana
--

CREATE TABLE public.allinventory_product_vendor (
    id bigint NOT NULL,
    product_id bigint NOT NULL,
    vendor_id bigint NOT NULL
);


ALTER TABLE public.allinventory_product_vendor OWNER TO amakonana;

--
-- Name: allinventory_product_vendor_id_seq; Type: SEQUENCE; Schema: public; Owner: amakonana
--

ALTER TABLE public.allinventory_product_vendor ALTER COLUMN id ADD GENERATED BY DEFAULT AS IDENTITY (
    SEQUENCE NAME public.allinventory_product_vendor_id_seq
    START WITH 1
    INCREMENT BY 1
    NO MINVALUE
    NO MAXVALUE
    CACHE 1
);


--
-- Name: alltransactions_customer; Type: TABLE; Schema: public; Owner: amakonana
--

CREATE TABLE public.alltransactions_customer (
    name character varying(255) NOT NULL,
    phone_number character varying(10) NOT NULL,
    total_spent double precision,
    enterprise_id bigint NOT NULL
);


ALTER TABLE public.alltransactions_customer OWNER TO amakonana;

--
-- Name: alltransactions_debtor; Type: TABLE; Schema: public; Owner: amakonana
--

CREATE TABLE public.alltransactions_debtor (
    id bigint NOT NULL,
    name character varying(255) NOT NULL,
    phone_number character varying(10) NOT NULL,
    due double precision,
    branch_id bigint,
    enterprise_id bigint NOT NULL
);


ALTER TABLE public.alltransactions_debtor OWNER TO amakonana;

--
-- Name: alltransactions_debtor_id_seq; Type: SEQUENCE; Schema: public; Owner: amakonana
--

ALTER TABLE public.alltransactions_debtor ALTER COLUMN id ADD GENERATED BY DEFAULT AS IDENTITY (
    SEQUENCE NAME public.alltransactions_debtor_id_seq
    START WITH 1
    INCREMENT BY 1
    NO MINVALUE
    NO MAXVALUE
    CACHE 1
);


--
-- Name: alltransactions_debtortransaction; Type: TABLE; Schema: public; Owner: amakonana
--

CREATE TABLE public.alltransactions_debtortransaction (
    id bigint NOT NULL,
    date date NOT NULL,
    amount double precision,
    method character varying(20) NOT NULL,
    cheque_number character varying(255),
    cashout_date date,
    type character varying(20) NOT NULL,
    "desc" character varying(255),
    inventory character varying(20),
    due double precision,
    branch_id bigint,
    debtor_id bigint NOT NULL,
    enterprise_id bigint NOT NULL,
    sales_transaction_id bigint,
    all_sales_transaction_id bigint
);


ALTER TABLE public.alltransactions_debtortransaction OWNER TO amakonana;

--
-- Name: alltransactions_debtortransaction_id_seq; Type: SEQUENCE; Schema: public; Owner: amakonana
--

ALTER TABLE public.alltransactions_debtortransaction ALTER COLUMN id ADD GENERATED BY DEFAULT AS IDENTITY (
    SEQUENCE NAME public.alltransactions_debtortransaction_id_seq
    START WITH 1
    INCREMENT BY 1
    NO MINVALUE
    NO MAXVALUE
    CACHE 1
);


--
-- Name: alltransactions_purchase; Type: TABLE; Schema: public; Owner: amakonana
--

CREATE TABLE public.alltransactions_purchase (
    id bigint NOT NULL,
    quantity integer NOT NULL,
    unit_price double precision NOT NULL,
    total_price double precision,
    returned boolean NOT NULL,
    product_id bigint NOT NULL,
    purchase_return_id bigint,
    purchase_transaction_id bigint NOT NULL
);


ALTER TABLE public.alltransactions_purchase OWNER TO amakonana;

--
-- Name: alltransactions_purchase_id_seq; Type: SEQUENCE; Schema: public; Owner: amakonana
--

ALTER TABLE public.alltransactions_purchase ALTER COLUMN id ADD GENERATED BY DEFAULT AS IDENTITY (
    SEQUENCE NAME public.alltransactions_purchase_id_seq
    START WITH 1
    INCREMENT BY 1
    NO MINVALUE
    NO MAXVALUE
    CACHE 1
);


--
-- Name: alltransactions_purchasereturn; Type: TABLE; Schema: public; Owner: amakonana
--

CREATE TABLE public.alltransactions_purchasereturn (
    id bigint NOT NULL,
    date date NOT NULL,
    branch_id bigint,
    enterprise_id bigint NOT NULL,
    purchase_transaction_id bigint NOT NULL
);


ALTER TABLE public.alltransactions_purchasereturn OWNER TO amakonana;

--
-- Name: alltransactions_purchasereturn_id_seq; Type: SEQUENCE; Schema: public; Owner: amakonana
--

ALTER TABLE public.alltransactions_purchasereturn ALTER COLUMN id ADD GENERATED BY DEFAULT AS IDENTITY (
    SEQUENCE NAME public.alltransactions_purchasereturn_id_seq
    START WITH 1
    INCREMENT BY 1
    NO MINVALUE
    NO MAXVALUE
    CACHE 1
);


--
-- Name: alltransactions_purchasetransaction; Type: TABLE; Schema: public; Owner: amakonana
--

CREATE TABLE public.alltransactions_purchasetransaction (
    id bigint NOT NULL,
    bill_no character varying(20) NOT NULL,
    total_amount double precision,
    date date NOT NULL,
    method character varying(20) NOT NULL,
    cheque_number character varying(10),
    cashout_date date,
    branch_id bigint,
    enterprise_id bigint NOT NULL,
    vendor_id bigint NOT NULL
);


ALTER TABLE public.alltransactions_purchasetransaction OWNER TO amakonana;

--
-- Name: alltransactions_purchasetransaction_id_seq; Type: SEQUENCE; Schema: public; Owner: amakonana
--

ALTER TABLE public.alltransactions_purchasetransaction ALTER COLUMN id ADD GENERATED BY DEFAULT AS IDENTITY (
    SEQUENCE NAME public.alltransactions_purchasetransaction_id_seq
    START WITH 1
    INCREMENT BY 1
    NO MINVALUE
    NO MAXVALUE
    CACHE 1
);


--
-- Name: alltransactions_sales; Type: TABLE; Schema: public; Owner: amakonana
--

CREATE TABLE public.alltransactions_sales (
    id bigint NOT NULL,
    quantity integer NOT NULL,
    unit_price double precision NOT NULL,
    total_price double precision,
    returned boolean NOT NULL,
    product_id bigint NOT NULL,
    sales_return_id bigint,
    sales_transaction_id bigint NOT NULL
);


ALTER TABLE public.alltransactions_sales OWNER TO amakonana;

--
-- Name: alltransactions_sales_id_seq; Type: SEQUENCE; Schema: public; Owner: amakonana
--

ALTER TABLE public.alltransactions_sales ALTER COLUMN id ADD GENERATED BY DEFAULT AS IDENTITY (
    SEQUENCE NAME public.alltransactions_sales_id_seq
    START WITH 1
    INCREMENT BY 1
    NO MINVALUE
    NO MAXVALUE
    CACHE 1
);


--
-- Name: alltransactions_salesreturn; Type: TABLE; Schema: public; Owner: amakonana
--

CREATE TABLE public.alltransactions_salesreturn (
    id bigint NOT NULL,
    date date NOT NULL,
    branch_id bigint,
    enterprise_id bigint NOT NULL,
    sales_transaction_id bigint NOT NULL
);


ALTER TABLE public.alltransactions_salesreturn OWNER TO amakonana;

--
-- Name: alltransactions_salesreturn_id_seq; Type: SEQUENCE; Schema: public; Owner: amakonana
--

ALTER TABLE public.alltransactions_salesreturn ALTER COLUMN id ADD GENERATED BY DEFAULT AS IDENTITY (
    SEQUENCE NAME public.alltransactions_salesreturn_id_seq
    START WITH 1
    INCREMENT BY 1
    NO MINVALUE
    NO MAXVALUE
    CACHE 1
);


--
-- Name: alltransactions_salestransaction; Type: TABLE; Schema: public; Owner: amakonana
--

CREATE TABLE public.alltransactions_salestransaction (
    id bigint NOT NULL,
    name character varying(255),
    phone_number character varying(10),
    total_amount double precision,
    date date NOT NULL,
    bill_no integer NOT NULL,
    discount double precision,
    subtotal double precision,
    method character varying(20) NOT NULL,
    credited_amount double precision,
    amount_paid double precision,
    branch_id bigint,
    debtor_id bigint,
    enterprise_id bigint NOT NULL
);


ALTER TABLE public.alltransactions_salestransaction OWNER TO amakonana;

--
-- Name: alltransactions_salestransaction_id_seq; Type: SEQUENCE; Schema: public; Owner: amakonana
--

ALTER TABLE public.alltransactions_salestransaction ALTER COLUMN id ADD GENERATED BY DEFAULT AS IDENTITY (
    SEQUENCE NAME public.alltransactions_salestransaction_id_seq
    START WITH 1
    INCREMENT BY 1
    NO MINVALUE
    NO MAXVALUE
    CACHE 1
);


--
-- Name: alltransactions_staff; Type: TABLE; Schema: public; Owner: amakonana
--

CREATE TABLE public.alltransactions_staff (
    id bigint NOT NULL,
    name character varying(255) NOT NULL,
    phone_number character varying(10),
    due double precision,
    branch_id bigint,
    enterprise_id bigint NOT NULL
);


ALTER TABLE public.alltransactions_staff OWNER TO amakonana;

--
-- Name: alltransactions_staff_id_seq; Type: SEQUENCE; Schema: public; Owner: amakonana
--

ALTER TABLE public.alltransactions_staff ALTER COLUMN id ADD GENERATED BY DEFAULT AS IDENTITY (
    SEQUENCE NAME public.alltransactions_staff_id_seq
    START WITH 1
    INCREMENT BY 1
    NO MINVALUE
    NO MAXVALUE
    CACHE 1
);


--
-- Name: alltransactions_stafftransactions; Type: TABLE; Schema: public; Owner: amakonana
--

CREATE TABLE public.alltransactions_stafftransactions (
    id bigint NOT NULL,
    date date NOT NULL,
    amount double precision,
    "desc" character varying(255) NOT NULL,
    branch_id bigint,
    enterprise_id bigint NOT NULL,
    staff_id bigint NOT NULL
);


ALTER TABLE public.alltransactions_stafftransactions OWNER TO amakonana;

--
-- Name: alltransactions_stafftransactions_id_seq; Type: SEQUENCE; Schema: public; Owner: amakonana
--

ALTER TABLE public.alltransactions_stafftransactions ALTER COLUMN id ADD GENERATED BY DEFAULT AS IDENTITY (
    SEQUENCE NAME public.alltransactions_stafftransactions_id_seq
    START WITH 1
    INCREMENT BY 1
    NO MINVALUE
    NO MAXVALUE
    CACHE 1
);


--
-- Name: alltransactions_vendor; Type: TABLE; Schema: public; Owner: amakonana
--

CREATE TABLE public.alltransactions_vendor (
    id bigint NOT NULL,
    name character varying(255) NOT NULL,
    phone_number character varying(10),
    due double precision,
    branch_id bigint,
    enterprise_id bigint NOT NULL
);


ALTER TABLE public.alltransactions_vendor OWNER TO amakonana;

--
-- Name: alltransactions_vendor_id_seq; Type: SEQUENCE; Schema: public; Owner: amakonana
--

ALTER TABLE public.alltransactions_vendor ALTER COLUMN id ADD GENERATED BY DEFAULT AS IDENTITY (
    SEQUENCE NAME public.alltransactions_vendor_id_seq
    START WITH 1
    INCREMENT BY 1
    NO MINVALUE
    NO MAXVALUE
    CACHE 1
);


--
-- Name: alltransactions_vendortransactions; Type: TABLE; Schema: public; Owner: amakonana
--

CREATE TABLE public.alltransactions_vendortransactions (
    id bigint NOT NULL,
    date date NOT NULL,
    amount double precision,
    method character varying(20) NOT NULL,
    cheque_number character varying(255),
    cashout_date date,
    "desc" character varying(1000),
    base boolean NOT NULL,
    type character varying(20) NOT NULL,
    due double precision,
    branch_id bigint,
    enterprise_id bigint NOT NULL,
    purchase_transaction_id bigint,
    vendor_id bigint NOT NULL
);


ALTER TABLE public.alltransactions_vendortransactions OWNER TO amakonana;

--
-- Name: alltransactions_vendortransactions_id_seq; Type: SEQUENCE; Schema: public; Owner: amakonana
--

ALTER TABLE public.alltransactions_vendortransactions ALTER COLUMN id ADD GENERATED BY DEFAULT AS IDENTITY (
    SEQUENCE NAME public.alltransactions_vendortransactions_id_seq
    START WITH 1
    INCREMENT BY 1
    NO MINVALUE
    NO MAXVALUE
    CACHE 1
);


--
-- Name: auth_group; Type: TABLE; Schema: public; Owner: amakonana
--

CREATE TABLE public.auth_group (
    id integer NOT NULL,
    name character varying(150) NOT NULL
);


ALTER TABLE public.auth_group OWNER TO amakonana;

--
-- Name: auth_group_id_seq; Type: SEQUENCE; Schema: public; Owner: amakonana
--

ALTER TABLE public.auth_group ALTER COLUMN id ADD GENERATED BY DEFAULT AS IDENTITY (
    SEQUENCE NAME public.auth_group_id_seq
    START WITH 1
    INCREMENT BY 1
    NO MINVALUE
    NO MAXVALUE
    CACHE 1
);


--
-- Name: auth_group_permissions; Type: TABLE; Schema: public; Owner: amakonana
--

CREATE TABLE public.auth_group_permissions (
    id bigint NOT NULL,
    group_id integer NOT NULL,
    permission_id integer NOT NULL
);


ALTER TABLE public.auth_group_permissions OWNER TO amakonana;

--
-- Name: auth_group_permissions_id_seq; Type: SEQUENCE; Schema: public; Owner: amakonana
--

ALTER TABLE public.auth_group_permissions ALTER COLUMN id ADD GENERATED BY DEFAULT AS IDENTITY (
    SEQUENCE NAME public.auth_group_permissions_id_seq
    START WITH 1
    INCREMENT BY 1
    NO MINVALUE
    NO MAXVALUE
    CACHE 1
);


--
-- Name: auth_permission; Type: TABLE; Schema: public; Owner: amakonana
--

CREATE TABLE public.auth_permission (
    id integer NOT NULL,
    name character varying(255) NOT NULL,
    content_type_id integer NOT NULL,
    codename character varying(100) NOT NULL
);


ALTER TABLE public.auth_permission OWNER TO amakonana;

--
-- Name: auth_permission_id_seq; Type: SEQUENCE; Schema: public; Owner: amakonana
--

ALTER TABLE public.auth_permission ALTER COLUMN id ADD GENERATED BY DEFAULT AS IDENTITY (
    SEQUENCE NAME public.auth_permission_id_seq
    START WITH 1
    INCREMENT BY 1
    NO MINVALUE
    NO MAXVALUE
    CACHE 1
);


--
-- Name: django_admin_log; Type: TABLE; Schema: public; Owner: amakonana
--

CREATE TABLE public.django_admin_log (
    id integer NOT NULL,
    action_time timestamp with time zone NOT NULL,
    object_id text,
    object_repr character varying(200) NOT NULL,
    action_flag smallint NOT NULL,
    change_message text NOT NULL,
    content_type_id integer,
    user_id uuid NOT NULL,
    CONSTRAINT django_admin_log_action_flag_check CHECK ((action_flag >= 0))
);


ALTER TABLE public.django_admin_log OWNER TO amakonana;

--
-- Name: django_admin_log_id_seq; Type: SEQUENCE; Schema: public; Owner: amakonana
--

ALTER TABLE public.django_admin_log ALTER COLUMN id ADD GENERATED BY DEFAULT AS IDENTITY (
    SEQUENCE NAME public.django_admin_log_id_seq
    START WITH 1
    INCREMENT BY 1
    NO MINVALUE
    NO MAXVALUE
    CACHE 1
);


--
-- Name: django_content_type; Type: TABLE; Schema: public; Owner: amakonana
--

CREATE TABLE public.django_content_type (
    id integer NOT NULL,
    app_label character varying(100) NOT NULL,
    model character varying(100) NOT NULL
);


ALTER TABLE public.django_content_type OWNER TO amakonana;

--
-- Name: django_content_type_id_seq; Type: SEQUENCE; Schema: public; Owner: amakonana
--

ALTER TABLE public.django_content_type ALTER COLUMN id ADD GENERATED BY DEFAULT AS IDENTITY (
    SEQUENCE NAME public.django_content_type_id_seq
    START WITH 1
    INCREMENT BY 1
    NO MINVALUE
    NO MAXVALUE
    CACHE 1
);


--
-- Name: django_migrations; Type: TABLE; Schema: public; Owner: amakonana
--

CREATE TABLE public.django_migrations (
    id bigint NOT NULL,
    app character varying(255) NOT NULL,
    name character varying(255) NOT NULL,
    applied timestamp with time zone NOT NULL
);


ALTER TABLE public.django_migrations OWNER TO amakonana;

--
-- Name: django_migrations_id_seq; Type: SEQUENCE; Schema: public; Owner: amakonana
--

ALTER TABLE public.django_migrations ALTER COLUMN id ADD GENERATED BY DEFAULT AS IDENTITY (
    SEQUENCE NAME public.django_migrations_id_seq
    START WITH 1
    INCREMENT BY 1
    NO MINVALUE
    NO MAXVALUE
    CACHE 1
);


--
-- Name: django_session; Type: TABLE; Schema: public; Owner: amakonana
--

CREATE TABLE public.django_session (
    session_key character varying(40) NOT NULL,
    session_data text NOT NULL,
    expire_date timestamp with time zone NOT NULL
);


ALTER TABLE public.django_session OWNER TO amakonana;

--
-- Name: enterprise_branch; Type: TABLE; Schema: public; Owner: amakonana
--

CREATE TABLE public.enterprise_branch (
    id bigint NOT NULL,
    name character varying(255) NOT NULL,
    enterprise_id bigint NOT NULL
);


ALTER TABLE public.enterprise_branch OWNER TO amakonana;

--
-- Name: enterprise_branch_id_seq; Type: SEQUENCE; Schema: public; Owner: amakonana
--

ALTER TABLE public.enterprise_branch ALTER COLUMN id ADD GENERATED BY DEFAULT AS IDENTITY (
    SEQUENCE NAME public.enterprise_branch_id_seq
    START WITH 1
    INCREMENT BY 1
    NO MINVALUE
    NO MAXVALUE
    CACHE 1
);


--
-- Name: enterprise_enterprise; Type: TABLE; Schema: public; Owner: amakonana
--

CREATE TABLE public.enterprise_enterprise (
    id bigint NOT NULL,
    name character varying(255) NOT NULL
);


ALTER TABLE public.enterprise_enterprise OWNER TO amakonana;

--
-- Name: enterprise_enterprise_id_seq; Type: SEQUENCE; Schema: public; Owner: amakonana
--

ALTER TABLE public.enterprise_enterprise ALTER COLUMN id ADD GENERATED BY DEFAULT AS IDENTITY (
    SEQUENCE NAME public.enterprise_enterprise_id_seq
    START WITH 1
    INCREMENT BY 1
    NO MINVALUE
    NO MAXVALUE
    CACHE 1
);


--
-- Name: enterprise_person; Type: TABLE; Schema: public; Owner: amakonana
--

CREATE TABLE public.enterprise_person (
    user_id uuid NOT NULL,
    role character varying(10) NOT NULL,
    branch_id bigint,
    enterprise_id bigint NOT NULL
);


ALTER TABLE public.enterprise_person OWNER TO amakonana;

--
-- Name: inventory_brand; Type: TABLE; Schema: public; Owner: amakonana
--

CREATE TABLE public.inventory_brand (
    id bigint NOT NULL,
    name character varying(20) NOT NULL,
    stock double precision,
    count integer,
    branch_id bigint,
    enterprise_id bigint NOT NULL
);


ALTER TABLE public.inventory_brand OWNER TO amakonana;

--
-- Name: inventory_brand_id_seq; Type: SEQUENCE; Schema: public; Owner: amakonana
--

ALTER TABLE public.inventory_brand ALTER COLUMN id ADD GENERATED BY DEFAULT AS IDENTITY (
    SEQUENCE NAME public.inventory_brand_id_seq
    START WITH 1
    INCREMENT BY 1
    NO MINVALUE
    NO MAXVALUE
    CACHE 1
);


--
-- Name: inventory_item; Type: TABLE; Schema: public; Owner: amakonana
--

CREATE TABLE public.inventory_item (
    id bigint NOT NULL,
    imei_number character varying(15) NOT NULL,
    phone_id bigint NOT NULL
);


ALTER TABLE public.inventory_item OWNER TO amakonana;

--
-- Name: inventory_item_id_seq; Type: SEQUENCE; Schema: public; Owner: amakonana
--

ALTER TABLE public.inventory_item ALTER COLUMN id ADD GENERATED BY DEFAULT AS IDENTITY (
    SEQUENCE NAME public.inventory_item_id_seq
    START WITH 1
    INCREMENT BY 1
    NO MINVALUE
    NO MAXVALUE
    CACHE 1
);


--
-- Name: inventory_phone; Type: TABLE; Schema: public; Owner: amakonana
--

CREATE TABLE public.inventory_phone (
    id bigint NOT NULL,
    name character varying(30) NOT NULL,
    count integer,
    stock double precision,
    cost_price double precision,
    selling_price double precision,
    branch_id bigint,
    brand_id bigint NOT NULL,
    enterprise_id bigint
);


ALTER TABLE public.inventory_phone OWNER TO amakonana;

--
-- Name: inventory_phone_id_seq; Type: SEQUENCE; Schema: public; Owner: amakonana
--

ALTER TABLE public.inventory_phone ALTER COLUMN id ADD GENERATED BY DEFAULT AS IDENTITY (
    SEQUENCE NAME public.inventory_phone_id_seq
    START WITH 1
    INCREMENT BY 1
    NO MINVALUE
    NO MAXVALUE
    CACHE 1
);


--
-- Name: transaction_emidebtor; Type: TABLE; Schema: public; Owner: amakonana
--

CREATE TABLE public.transaction_emidebtor (
    id bigint NOT NULL,
    name character varying(255) NOT NULL,
    phone_number character varying(10),
    due double precision NOT NULL,
    branch_id bigint NOT NULL,
    brand_id bigint,
    enterprise_id bigint NOT NULL
);


ALTER TABLE public.transaction_emidebtor OWNER TO amakonana;

--
-- Name: transaction_emidebtor_id_seq; Type: SEQUENCE; Schema: public; Owner: amakonana
--

ALTER TABLE public.transaction_emidebtor ALTER COLUMN id ADD GENERATED BY DEFAULT AS IDENTITY (
    SEQUENCE NAME public.transaction_emidebtor_id_seq
    START WITH 1
    INCREMENT BY 1
    NO MINVALUE
    NO MAXVALUE
    CACHE 1
);


--
-- Name: transaction_emidebtortransaction; Type: TABLE; Schema: public; Owner: amakonana
--

CREATE TABLE public.transaction_emidebtortransaction (
    id bigint NOT NULL,
    date date NOT NULL,
    amount double precision NOT NULL,
    method character varying(20) NOT NULL,
    cheque_number character varying(10),
    cashout_date date,
    "desc" character varying(255),
    branch_id bigint,
    debtor_id bigint NOT NULL,
    enterprise_id bigint NOT NULL,
    sales_transaction_id bigint
);


ALTER TABLE public.transaction_emidebtortransaction OWNER TO amakonana;

--
-- Name: transaction_emidebtortransaction_id_seq; Type: SEQUENCE; Schema: public; Owner: amakonana
--

ALTER TABLE public.transaction_emidebtortransaction ALTER COLUMN id ADD GENERATED BY DEFAULT AS IDENTITY (
    SEQUENCE NAME public.transaction_emidebtortransaction_id_seq
    START WITH 1
    INCREMENT BY 1
    NO MINVALUE
    NO MAXVALUE
    CACHE 1
);


--
-- Name: transaction_ppitems; Type: TABLE; Schema: public; Owner: amakonana
--

CREATE TABLE public.transaction_ppitems (
    id bigint NOT NULL,
    imei_number character varying(15) NOT NULL,
    cashback double precision,
    phone_id bigint NOT NULL,
    pp_id bigint NOT NULL
);


ALTER TABLE public.transaction_ppitems OWNER TO amakonana;

--
-- Name: transaction_ppitems_id_seq; Type: SEQUENCE; Schema: public; Owner: amakonana
--

ALTER TABLE public.transaction_ppitems ALTER COLUMN id ADD GENERATED BY DEFAULT AS IDENTITY (
    SEQUENCE NAME public.transaction_ppitems_id_seq
    START WITH 1
    INCREMENT BY 1
    NO MINVALUE
    NO MAXVALUE
    CACHE 1
);


--
-- Name: transaction_priceprotection; Type: TABLE; Schema: public; Owner: amakonana
--

CREATE TABLE public.transaction_priceprotection (
    id bigint NOT NULL,
    from_date date,
    to_date date,
    price_drop double precision NOT NULL,
    status character varying(10) NOT NULL,
    receivable double precision,
    branch_id bigint,
    brand_id bigint NOT NULL,
    enterprise_id bigint NOT NULL,
    phone_id bigint NOT NULL
);


ALTER TABLE public.transaction_priceprotection OWNER TO amakonana;

--
-- Name: transaction_priceprotection_id_seq; Type: SEQUENCE; Schema: public; Owner: amakonana
--

ALTER TABLE public.transaction_priceprotection ALTER COLUMN id ADD GENERATED BY DEFAULT AS IDENTITY (
    SEQUENCE NAME public.transaction_priceprotection_id_seq
    START WITH 1
    INCREMENT BY 1
    NO MINVALUE
    NO MAXVALUE
    CACHE 1
);


--
-- Name: transaction_priceprotection_sales; Type: TABLE; Schema: public; Owner: amakonana
--

CREATE TABLE public.transaction_priceprotection_sales (
    id bigint NOT NULL,
    priceprotection_id bigint NOT NULL,
    sales_id bigint NOT NULL
);


ALTER TABLE public.transaction_priceprotection_sales OWNER TO amakonana;

--
-- Name: transaction_priceprotection_sales_id_seq; Type: SEQUENCE; Schema: public; Owner: amakonana
--

ALTER TABLE public.transaction_priceprotection_sales ALTER COLUMN id ADD GENERATED BY DEFAULT AS IDENTITY (
    SEQUENCE NAME public.transaction_priceprotection_sales_id_seq
    START WITH 1
    INCREMENT BY 1
    NO MINVALUE
    NO MAXVALUE
    CACHE 1
);


--
-- Name: transaction_purchase; Type: TABLE; Schema: public; Owner: amakonana
--

CREATE TABLE public.transaction_purchase (
    id bigint NOT NULL,
    imei_number character varying(15) NOT NULL,
    unit_price double precision NOT NULL,
    returned boolean NOT NULL,
    phone_id bigint NOT NULL,
    purchase_return_id bigint,
    purchase_transaction_id bigint NOT NULL
);


ALTER TABLE public.transaction_purchase OWNER TO amakonana;

--
-- Name: transaction_purchase_id_seq; Type: SEQUENCE; Schema: public; Owner: amakonana
--

ALTER TABLE public.transaction_purchase ALTER COLUMN id ADD GENERATED BY DEFAULT AS IDENTITY (
    SEQUENCE NAME public.transaction_purchase_id_seq
    START WITH 1
    INCREMENT BY 1
    NO MINVALUE
    NO MAXVALUE
    CACHE 1
);


--
-- Name: transaction_purchasereturn; Type: TABLE; Schema: public; Owner: amakonana
--

CREATE TABLE public.transaction_purchasereturn (
    id bigint NOT NULL,
    date date NOT NULL,
    branch_id bigint,
    enterprise_id bigint NOT NULL,
    purchase_transaction_id bigint NOT NULL
);


ALTER TABLE public.transaction_purchasereturn OWNER TO amakonana;

--
-- Name: transaction_purchasereturn_id_seq; Type: SEQUENCE; Schema: public; Owner: amakonana
--

ALTER TABLE public.transaction_purchasereturn ALTER COLUMN id ADD GENERATED BY DEFAULT AS IDENTITY (
    SEQUENCE NAME public.transaction_purchasereturn_id_seq
    START WITH 1
    INCREMENT BY 1
    NO MINVALUE
    NO MAXVALUE
    CACHE 1
);


--
-- Name: transaction_purchasetransaction; Type: TABLE; Schema: public; Owner: amakonana
--

CREATE TABLE public.transaction_purchasetransaction (
    id bigint NOT NULL,
    date date NOT NULL,
    total_amount double precision,
    bill_no character varying(255),
    method character varying(10) NOT NULL,
    cheque_number character varying(255),
    cashout_date date,
    branch_id bigint,
    enterprise_id bigint NOT NULL,
    vendor_id bigint NOT NULL
);


ALTER TABLE public.transaction_purchasetransaction OWNER TO amakonana;

--
-- Name: transaction_purchasetransaction_id_seq; Type: SEQUENCE; Schema: public; Owner: amakonana
--

ALTER TABLE public.transaction_purchasetransaction ALTER COLUMN id ADD GENERATED BY DEFAULT AS IDENTITY (
    SEQUENCE NAME public.transaction_purchasetransaction_id_seq
    START WITH 1
    INCREMENT BY 1
    NO MINVALUE
    NO MAXVALUE
    CACHE 1
);


--
-- Name: transaction_sales; Type: TABLE; Schema: public; Owner: amakonana
--

CREATE TABLE public.transaction_sales (
    id bigint NOT NULL,
    imei_number character varying(15) NOT NULL,
    unit_price double precision NOT NULL,
    profit double precision,
    returned boolean NOT NULL,
    phone_id bigint NOT NULL,
    sales_return_id bigint,
    sales_transaction_id bigint NOT NULL
);


ALTER TABLE public.transaction_sales OWNER TO amakonana;

--
-- Name: transaction_sales_id_seq; Type: SEQUENCE; Schema: public; Owner: amakonana
--

ALTER TABLE public.transaction_sales ALTER COLUMN id ADD GENERATED BY DEFAULT AS IDENTITY (
    SEQUENCE NAME public.transaction_sales_id_seq
    START WITH 1
    INCREMENT BY 1
    NO MINVALUE
    NO MAXVALUE
    CACHE 1
);


--
-- Name: transaction_salesreturn; Type: TABLE; Schema: public; Owner: amakonana
--

CREATE TABLE public.transaction_salesreturn (
    id bigint NOT NULL,
    date date NOT NULL,
    branch_id bigint,
    enterprise_id bigint NOT NULL,
    sales_transaction_id bigint NOT NULL
);


ALTER TABLE public.transaction_salesreturn OWNER TO amakonana;

--
-- Name: transaction_salesreturn_id_seq; Type: SEQUENCE; Schema: public; Owner: amakonana
--

ALTER TABLE public.transaction_salesreturn ALTER COLUMN id ADD GENERATED BY DEFAULT AS IDENTITY (
    SEQUENCE NAME public.transaction_salesreturn_id_seq
    START WITH 1
    INCREMENT BY 1
    NO MINVALUE
    NO MAXVALUE
    CACHE 1
);


--
-- Name: transaction_salestransaction; Type: TABLE; Schema: public; Owner: amakonana
--

CREATE TABLE public.transaction_salestransaction (
    id bigint NOT NULL,
    date date NOT NULL,
    name character varying(255),
    phone_number character varying(10),
    total_amount double precision,
    bill_no character varying(255),
    discount double precision,
    subtotal double precision,
    method character varying(20) NOT NULL,
    credited_amount double precision,
    amount_paid double precision,
    branch_id bigint,
    debtor_id bigint,
    emi_debtor_id bigint,
    enterprise_id bigint NOT NULL
);


ALTER TABLE public.transaction_salestransaction OWNER TO amakonana;

--
-- Name: transaction_salestransaction_id_seq; Type: SEQUENCE; Schema: public; Owner: amakonana
--

ALTER TABLE public.transaction_salestransaction ALTER COLUMN id ADD GENERATED BY DEFAULT AS IDENTITY (
    SEQUENCE NAME public.transaction_salestransaction_id_seq
    START WITH 1
    INCREMENT BY 1
    NO MINVALUE
    NO MAXVALUE
    CACHE 1
);


--
-- Name: transaction_scheme; Type: TABLE; Schema: public; Owner: amakonana
--

CREATE TABLE public.transaction_scheme (
    id bigint NOT NULL,
    from_date date NOT NULL,
    to_date date NOT NULL,
    receivable integer,
    status character varying(10) NOT NULL,
    branch_id bigint,
    brand_id bigint NOT NULL,
    enterprise_id bigint NOT NULL,
    phone_id bigint NOT NULL
);


ALTER TABLE public.transaction_scheme OWNER TO amakonana;

--
-- Name: transaction_scheme_id_seq; Type: SEQUENCE; Schema: public; Owner: amakonana
--

ALTER TABLE public.transaction_scheme ALTER COLUMN id ADD GENERATED BY DEFAULT AS IDENTITY (
    SEQUENCE NAME public.transaction_scheme_id_seq
    START WITH 1
    INCREMENT BY 1
    NO MINVALUE
    NO MAXVALUE
    CACHE 1
);


--
-- Name: transaction_scheme_sales; Type: TABLE; Schema: public; Owner: amakonana
--

CREATE TABLE public.transaction_scheme_sales (
    id bigint NOT NULL,
    scheme_id bigint NOT NULL,
    sales_id bigint NOT NULL
);


ALTER TABLE public.transaction_scheme_sales OWNER TO amakonana;

--
-- Name: transaction_scheme_sales_id_seq; Type: SEQUENCE; Schema: public; Owner: amakonana
--

ALTER TABLE public.transaction_scheme_sales ALTER COLUMN id ADD GENERATED BY DEFAULT AS IDENTITY (
    SEQUENCE NAME public.transaction_scheme_sales_id_seq
    START WITH 1
    INCREMENT BY 1
    NO MINVALUE
    NO MAXVALUE
    CACHE 1
);


--
-- Name: transaction_subscheme; Type: TABLE; Schema: public; Owner: amakonana
--

CREATE TABLE public.transaction_subscheme (
    id bigint NOT NULL,
    lowerbound integer NOT NULL,
    upperbound integer NOT NULL,
    cashback double precision NOT NULL,
    scheme_id bigint NOT NULL
);


ALTER TABLE public.transaction_subscheme OWNER TO amakonana;

--
-- Name: transaction_subscheme_id_seq; Type: SEQUENCE; Schema: public; Owner: amakonana
--

ALTER TABLE public.transaction_subscheme ALTER COLUMN id ADD GENERATED BY DEFAULT AS IDENTITY (
    SEQUENCE NAME public.transaction_subscheme_id_seq
    START WITH 1
    INCREMENT BY 1
    NO MINVALUE
    NO MAXVALUE
    CACHE 1
);


--
-- Name: transaction_vendor; Type: TABLE; Schema: public; Owner: amakonana
--

CREATE TABLE public.transaction_vendor (
    id bigint NOT NULL,
    name character varying(255) NOT NULL,
    due double precision,
    cashback double precision,
    branch_id bigint,
    brand_id bigint NOT NULL,
    enterprise_id bigint NOT NULL
);


ALTER TABLE public.transaction_vendor OWNER TO amakonana;

--
-- Name: transaction_vendor_id_seq; Type: SEQUENCE; Schema: public; Owner: amakonana
--

ALTER TABLE public.transaction_vendor ALTER COLUMN id ADD GENERATED BY DEFAULT AS IDENTITY (
    SEQUENCE NAME public.transaction_vendor_id_seq
    START WITH 1
    INCREMENT BY 1
    NO MINVALUE
    NO MAXVALUE
    CACHE 1
);


--
-- Name: transaction_vendortransaction; Type: TABLE; Schema: public; Owner: amakonana
--

CREATE TABLE public.transaction_vendortransaction (
    id bigint NOT NULL,
    date date NOT NULL,
    amount double precision,
    cheque_number character varying(10),
    cashout_date date,
    method character varying(10) NOT NULL,
    "desc" character varying(255),
    base boolean NOT NULL,
    type character varying(20) NOT NULL,
    branch_id bigint,
    enterprise_id bigint NOT NULL,
    purchase_transaction_id bigint,
    vendor_id bigint NOT NULL
);


ALTER TABLE public.transaction_vendortransaction OWNER TO amakonana;

--
-- Name: transaction_vendortransaction_id_seq; Type: SEQUENCE; Schema: public; Owner: amakonana
--

ALTER TABLE public.transaction_vendortransaction ALTER COLUMN id ADD GENERATED BY DEFAULT AS IDENTITY (
    SEQUENCE NAME public.transaction_vendortransaction_id_seq
    START WITH 1
    INCREMENT BY 1
    NO MINVALUE
    NO MAXVALUE
    CACHE 1
);


--
-- Name: userauth_otp; Type: TABLE; Schema: public; Owner: amakonana
--

CREATE TABLE public.userauth_otp (
    id bigint NOT NULL,
    otp character varying(6) NOT NULL,
    email character varying(254) NOT NULL
);


ALTER TABLE public.userauth_otp OWNER TO amakonana;

--
-- Name: userauth_otp_id_seq; Type: SEQUENCE; Schema: public; Owner: amakonana
--

ALTER TABLE public.userauth_otp ALTER COLUMN id ADD GENERATED BY DEFAULT AS IDENTITY (
    SEQUENCE NAME public.userauth_otp_id_seq
    START WITH 1
    INCREMENT BY 1
    NO MINVALUE
    NO MAXVALUE
    CACHE 1
);


--
-- Name: userauth_user; Type: TABLE; Schema: public; Owner: amakonana
--

CREATE TABLE public.userauth_user (
    password character varying(128) NOT NULL,
    last_login timestamp with time zone,
    email character varying(255) NOT NULL,
    name character varying(50) NOT NULL,
    id uuid NOT NULL,
    is_active boolean NOT NULL,
    is_superuser boolean NOT NULL,
    is_staff boolean NOT NULL
);


ALTER TABLE public.userauth_user OWNER TO amakonana;

--
-- Name: userauth_user_groups; Type: TABLE; Schema: public; Owner: amakonana
--

CREATE TABLE public.userauth_user_groups (
    id bigint NOT NULL,
    user_id uuid NOT NULL,
    group_id integer NOT NULL
);


ALTER TABLE public.userauth_user_groups OWNER TO amakonana;

--
-- Name: userauth_user_groups_id_seq; Type: SEQUENCE; Schema: public; Owner: amakonana
--

ALTER TABLE public.userauth_user_groups ALTER COLUMN id ADD GENERATED BY DEFAULT AS IDENTITY (
    SEQUENCE NAME public.userauth_user_groups_id_seq
    START WITH 1
    INCREMENT BY 1
    NO MINVALUE
    NO MAXVALUE
    CACHE 1
);


--
-- Name: userauth_user_user_permissions; Type: TABLE; Schema: public; Owner: amakonana
--

CREATE TABLE public.userauth_user_user_permissions (
    id bigint NOT NULL,
    user_id uuid NOT NULL,
    permission_id integer NOT NULL
);


ALTER TABLE public.userauth_user_user_permissions OWNER TO amakonana;

--
-- Name: userauth_user_user_permissions_id_seq; Type: SEQUENCE; Schema: public; Owner: amakonana
--

ALTER TABLE public.userauth_user_user_permissions ALTER COLUMN id ADD GENERATED BY DEFAULT AS IDENTITY (
    SEQUENCE NAME public.userauth_user_user_permissions_id_seq
    START WITH 1
    INCREMENT BY 1
    NO MINVALUE
    NO MAXVALUE
    CACHE 1
);


--
-- Data for Name: allinventory_brand; Type: TABLE DATA; Schema: public; Owner: amakonana
--

COPY public.allinventory_brand (id, name, stock, count, branch_id, enterprise_id) FROM stdin;
24	Moms	0	0	1	1
26	Night wears	0	0	1	1
27	Frocks sets	0	0	1	1
23	Daura Bhoto	3600	2	1	1
25	Shawls and Dasna sets	0	0	1	1
28	Extras	0	0	1	1
\.


--
-- Data for Name: allinventory_manufacture; Type: TABLE DATA; Schema: public; Owner: amakonana
--

COPY public.allinventory_manufacture (id, date, branch_id, enterprise_id) FROM stdin;
\.


--
-- Data for Name: allinventory_manufactureitem; Type: TABLE DATA; Schema: public; Owner: amakonana
--

COPY public.allinventory_manufactureitem (id, quantity, manufacture_id, product_id) FROM stdin;
\.


--
-- Data for Name: allinventory_product; Type: TABLE DATA; Schema: public; Owner: amakonana
--

COPY public.allinventory_product (id, name, uid, cost_price, selling_price, stock, count, branch_id, brand_id, enterprise_id, print_pattern) FROM stdin;
59	Frocks set 0 to 3 months normal	573035878798	1500	1500	0	0	1	27	1	\N
18	Daura bhoto 3 to 6 months	809034890746	1350	1350	0	0	1	23	1	\N
19	Daura bhoto 6 to 12 months	920151300520	1450	1450	0	0	1	23	1	\N
21	Daura bhoto 2 - 3 yrs	208187857774	1700	1700	0	0	1	23	1	\N
22	Daura bhoto 2 - 3 yrs designed	948301033005	2000	2000	0	0	1	23	1	\N
23	Daura bhoto 3 to 5 years	428339468068	2000	2000	0	0	1	23	1	\N
24	Daura summer  set 0 to 3 months	291467235085	1050	1050	0	0	1	23	1	\N
25	Daura summer ser 3 to 6 months	982535874962	1400	1400	0	0	1	23	1	\N
26	Daura side button 3 to 6 months	625905842388	1200	1200	0	0	1	23	1	\N
27	Daura side button 6 to 12 M	511677231857	1300	1300	0	0	1	23	1	\N
28	Malmal feeding gowns	566091902040	3700	3700	0	0	1	24	1	\N
29	Cotton feeding gowns	460048591467	2500	2500	0	0	1	24	1	\N
30	Malmal normal gown	816154790185	3500	3500	0	0	1	24	1	\N
31	Cotton normal gown	249441242024	2300	2300	0	0	1	24	1	\N
32	Malmal feeding pj	698568355924	3700	3700	0	0	1	24	1	\N
33	Cotton feeding pj	798902495211	2500	2500	0	0	1	24	1	\N
34	Malmal feeding pj	287697854603	3700	3700	0	0	1	24	1	\N
61	Frocks set 6 to 12 months normal	807013725228	1900	1900	0	0	1	27	1	\N
35	Malmal normal pj	892731358870	3500	3500	0	0	1	24	1	\N
36	Cotton feeding cord set	275041032984	2500	2500	0	0	1	24	1	\N
37	Cotton normal cord set	769416025069	2300	2300	0	0	1	24	1	\N
38	Cotton feeding kaftan	334606598326	2200	2200	0	0	1	24	1	\N
39	Cotton normal kaftan	930227743604	2000	2000	0	0	1	24	1	\N
41	Malmal normal kaftan	240129373278	3300	3300	0	0	1	24	1	\N
62	Frocks sets 6 to 12 months design	766829279815	2100	2100	0	0	1	27	1	\N
40	Malmal feeding kaftan	850125292172	3500	3500	0	0	1	24	1	\N
42	Khasto ( shawls ) piping design	393177592606	1700	1700	0	0	1	25	1	\N
43	Khasto (shawls) lace	897461700630	1500	1500	0	0	1	25	1	\N
63	Frocks set 1 to 2 year normal	417024412891	2100	2100	0	0	1	27	1	\N
64	Frocks set 1 to 2 year design	324402287581	2300	2300	0	0	1	27	1	\N
65	frock set 2 to 3 years normal	358466152656	2300	2300	0	0	1	27	1	\N
44	Baby blanket (khasto 1mtr)	382618353994	1000	1000	0	0	1	25	1	\N
46	Baby blanket (khasto) 1.30 mtr	493377131001	1200	1200	0	0	1	25	1	\N
47	Baby blanket (khasto) 1.5 mtr	436517368091	1350	1350	0	0	1	25	1	\N
66	Frocks set 2 to 3 year design	469517222039	2500	2500	0	0	1	27	1	\N
45	Baby blanket (khasto) 1.15 mtr	337740914060	1100	1100	0	0	1	25	1	\N
49	Dasna sets (bedding)	534386731271	6000	6000	0	0	1	25	1	\N
50	Dasna single	938151158362	2700	2700	0	0	1	25	1	\N
51	Dolai single	813524402577	2700	2700	0	0	1	25	1	\N
52	Sirani (Pillow cotton)	469549620439	800	800	0	0	1	25	1	\N
54	Night wear 6 to 12 M	698921784052	1300	1300	0	0	1	26	1	\N
70	frock set 4 to 6 years design	686093355649	2900	2900	0	0	1	27	1	\N
55	Night wear 1 to 2 year	460829213590	1400	1400	0	0	1	26	1	\N
56	Night wear 2 to 3 years	666310489903	1550	1550	0	0	1	26	1	\N
57	Night wear 3 to 5 years	731340006283	1700	1700	0	0	1	26	1	\N
67	Frock set 3 to 4 years normal	846796024816	2500	2500	0	0	1	27	1	\N
71	Frock set 6 to 8 normal	802379541297	2900	2900	0	0	1	27	1	\N
68	Frock set 3 to 4 years design	317500482619	2700	2700	0	0	1	27	1	\N
69	frock set 4 to 6 years normal	572251071892	2700	2700	0	0	1	27	1	\N
72	frock set 6 to 8 design	862410942335	3100	3100	0	0	1	27	1	\N
73	Frock set 6 to 12 m extra design	229187037137	2300	2300	0	0	1	27	1	\N
74	Bhoto 0 to 3 month	383918292109	250	250	0	0	1	28	1	\N
75	Bhoto 3 to 6 months	495728324797	275	275	0	0	1	28	1	\N
76	Bhoto 6 to 12 months	332996958559	300	300	0	0	1	28	1	\N
77	Bhoto 1 to 2 years	240949784502	350	350	0	0	1	28	1	\N
78	Bhoto 2 to 3 years	767450730812	400	400	0	0	1	28	1	\N
79	Bhoto 3 to 5 years	227500174802	450	450	0	0	1	28	1	\N
16	Wrapper Set (0-3 months)	977513659454	1800	1800	3600	2	1	23	1	\N
58	Night wear 5,6 & 7 years	547383381513	1900	1900	0	0	1	26	1	\N
20	Daura bhoto 1 to 2 year	511400996546	1550	1550	0	0	1	23	1	\N
80	Topi xs	498434720919	250	250	0	0	1	28	1	\N
53	Tori sirani (Mustard pillow)	489168004647	1100	1100	0	0	1	25	1	\N
81	Topi 3 to 6 months	708781103134	275	275	0	0	1	28	1	\N
82	Topi 6 to 12 months	689960670898	300	300	0	0	1	28	1	\N
83	Topi 1 to 2 years	719823949533	350	350	0	0	1	28	1	\N
84	Surwal xs	960190127739	350	350	0	0	1	28	1	\N
85	Surwal 3 to 6 months	922064712647	450	450	0	0	1	28	1	\N
87	Hankey	598413559109	50	50	0	0	1	28	1	\N
88	Hankey medium	750166693553	70	70	0	0	1	28	1	\N
89	Mittens	954991738104	75	75	0	0	1	28	1	\N
90	Head scarfs	709154790376	500	500	0	0	1	28	1	\N
17	Daura bhoto 0 to 3 months	915596066116	1250	1250	0	0	1	23	1	\N
60	Frock set 0 to 3 months piping	945516499732	1700	1700	0	0	1	27	1	\N
95	Muslin Blanket (Hoodie)	957918655488	900	1100	0	0	1	24	1	\N
86	surwal 6 to 12 months	376828773889	500	500	0	0	1	28	1	\N
92	Wrapper	578738005428	650	650	0	0	1	28	1	\N
93	King size dolai	884110967401	9500	9500	0	0	1	28	1	\N
91	Baby malmal wipes	519636925792	300	300	0	0	1	28	1	\N
\.


--
-- Data for Name: allinventory_product_vendor; Type: TABLE DATA; Schema: public; Owner: amakonana
--

COPY public.allinventory_product_vendor (id, product_id, vendor_id) FROM stdin;
15	16	4
16	17	4
17	18	4
18	19	4
19	20	4
20	21	4
21	22	4
22	23	4
23	24	4
24	25	4
25	26	4
26	27	4
27	28	4
28	29	4
29	30	4
30	31	4
31	32	4
32	33	4
33	34	4
34	35	4
35	36	4
36	37	4
37	38	4
38	39	4
39	40	4
40	41	4
41	42	4
42	43	4
43	44	4
44	45	4
45	46	4
46	47	4
48	49	4
49	50	4
50	51	4
51	52	4
52	53	4
53	54	4
54	55	4
55	56	4
56	57	4
57	58	4
58	59	4
59	60	4
60	61	4
61	62	4
62	63	4
63	64	4
64	65	4
65	66	4
66	67	4
67	68	4
68	69	4
69	71	4
70	72	4
71	73	4
72	74	4
73	75	4
74	76	4
75	77	4
76	78	4
77	79	4
78	80	4
79	81	4
80	82	4
81	83	4
82	84	4
83	85	4
84	86	4
85	87	4
86	88	4
87	89	4
88	90	4
89	91	4
90	92	4
91	93	4
\.


--
-- Data for Name: alltransactions_customer; Type: TABLE DATA; Schema: public; Owner: amakonana
--

COPY public.alltransactions_customer (name, phone_number, total_spent, enterprise_id) FROM stdin;
	9898989898	0	1
\.


--
-- Data for Name: alltransactions_debtor; Type: TABLE DATA; Schema: public; Owner: amakonana
--

COPY public.alltransactions_debtor (id, name, phone_number, due, branch_id, enterprise_id) FROM stdin;
\.


--
-- Data for Name: alltransactions_debtortransaction; Type: TABLE DATA; Schema: public; Owner: amakonana
--

COPY public.alltransactions_debtortransaction (id, date, amount, method, cheque_number, cashout_date, type, "desc", inventory, due, branch_id, debtor_id, enterprise_id, sales_transaction_id, all_sales_transaction_id) FROM stdin;
\.


--
-- Data for Name: alltransactions_purchase; Type: TABLE DATA; Schema: public; Owner: amakonana
--

COPY public.alltransactions_purchase (id, quantity, unit_price, total_price, returned, product_id, purchase_return_id, purchase_transaction_id) FROM stdin;
14	2	1800	3600	f	16	\N	12
\.


--
-- Data for Name: alltransactions_purchasereturn; Type: TABLE DATA; Schema: public; Owner: amakonana
--

COPY public.alltransactions_purchasereturn (id, date, branch_id, enterprise_id, purchase_transaction_id) FROM stdin;
\.


--
-- Data for Name: alltransactions_purchasetransaction; Type: TABLE DATA; Schema: public; Owner: amakonana
--

COPY public.alltransactions_purchasetransaction (id, bill_no, total_amount, date, method, cheque_number, cashout_date, branch_id, enterprise_id, vendor_id) FROM stdin;
12	040	3600	2025-08-12	credit	\N	\N	1	1	4
\.


--
-- Data for Name: alltransactions_sales; Type: TABLE DATA; Schema: public; Owner: amakonana
--

COPY public.alltransactions_sales (id, quantity, unit_price, total_price, returned, product_id, sales_return_id, sales_transaction_id) FROM stdin;
\.


--
-- Data for Name: alltransactions_salesreturn; Type: TABLE DATA; Schema: public; Owner: amakonana
--

COPY public.alltransactions_salesreturn (id, date, branch_id, enterprise_id, sales_transaction_id) FROM stdin;
\.


--
-- Data for Name: alltransactions_salestransaction; Type: TABLE DATA; Schema: public; Owner: amakonana
--

COPY public.alltransactions_salestransaction (id, name, phone_number, total_amount, date, bill_no, discount, subtotal, method, credited_amount, amount_paid, branch_id, debtor_id, enterprise_id) FROM stdin;
10			3515	2025-08-08	1	185	3700	cash	3515	\N	1	\N	1
11			1350	2025-08-08	2	450	1800	cash	1350	\N	1	\N	1
12			3600	2025-08-10	3	0	3600	cash	3600	\N	1	\N	1
13			12600	2025-08-10	4	0	12600	cash	12600	\N	1	\N	1
14			12600	2025-08-10	5	0	12600	cash	12600	\N	1	\N	1
\.


--
-- Data for Name: alltransactions_staff; Type: TABLE DATA; Schema: public; Owner: amakonana
--

COPY public.alltransactions_staff (id, name, phone_number, due, branch_id, enterprise_id) FROM stdin;
\.


--
-- Data for Name: alltransactions_stafftransactions; Type: TABLE DATA; Schema: public; Owner: amakonana
--

COPY public.alltransactions_stafftransactions (id, date, amount, "desc", branch_id, enterprise_id, staff_id) FROM stdin;
\.


--
-- Data for Name: alltransactions_vendor; Type: TABLE DATA; Schema: public; Owner: amakonana
--

COPY public.alltransactions_vendor (id, name, phone_number, due, branch_id, enterprise_id) FROM stdin;
5	mittal	\N	0	1	1
4	Aama ko  nana	\N	3600	1	1
\.


--
-- Data for Name: alltransactions_vendortransactions; Type: TABLE DATA; Schema: public; Owner: amakonana
--

COPY public.alltransactions_vendortransactions (id, date, amount, method, cheque_number, cashout_date, "desc", base, type, due, branch_id, enterprise_id, purchase_transaction_id, vendor_id) FROM stdin;
12	2025-08-12	-3600	credit	\N	\N	Purchase made for :\nWrapper Set (0-3 months) - 2 pcs, \n	f	base	24800	1	1	12	4
\.


--
-- Data for Name: auth_group; Type: TABLE DATA; Schema: public; Owner: amakonana
--

COPY public.auth_group (id, name) FROM stdin;
\.


--
-- Data for Name: auth_group_permissions; Type: TABLE DATA; Schema: public; Owner: amakonana
--

COPY public.auth_group_permissions (id, group_id, permission_id) FROM stdin;
\.


--
-- Data for Name: auth_permission; Type: TABLE DATA; Schema: public; Owner: amakonana
--

COPY public.auth_permission (id, name, content_type_id, codename) FROM stdin;
1	Can add log entry	1	add_logentry
2	Can change log entry	1	change_logentry
3	Can delete log entry	1	delete_logentry
4	Can view log entry	1	view_logentry
5	Can add permission	2	add_permission
6	Can change permission	2	change_permission
7	Can delete permission	2	delete_permission
8	Can view permission	2	view_permission
9	Can add group	3	add_group
10	Can change group	3	change_group
11	Can delete group	3	delete_group
12	Can view group	3	view_group
13	Can add content type	4	add_contenttype
14	Can change content type	4	change_contenttype
15	Can delete content type	4	delete_contenttype
16	Can view content type	4	view_contenttype
17	Can add session	5	add_session
18	Can change session	5	change_session
19	Can delete session	5	delete_session
20	Can view session	5	view_session
21	Can add brand	6	add_brand
22	Can change brand	6	change_brand
23	Can delete brand	6	delete_brand
24	Can view brand	6	view_brand
25	Can add phone	7	add_phone
26	Can change phone	7	change_phone
27	Can delete phone	7	delete_phone
28	Can view phone	7	view_phone
29	Can add item	8	add_item
30	Can change item	8	change_item
31	Can delete item	8	delete_item
32	Can view item	8	view_item
33	Can add emi debtor	9	add_emidebtor
34	Can change emi debtor	9	change_emidebtor
35	Can delete emi debtor	9	delete_emidebtor
36	Can view emi debtor	9	view_emidebtor
37	Can add price protection	10	add_priceprotection
38	Can change price protection	10	change_priceprotection
39	Can delete price protection	10	delete_priceprotection
40	Can view price protection	10	view_priceprotection
41	Can add pp items	11	add_ppitems
42	Can change pp items	11	change_ppitems
43	Can delete pp items	11	delete_ppitems
44	Can view pp items	11	view_ppitems
45	Can add purchase transaction	12	add_purchasetransaction
46	Can change purchase transaction	12	change_purchasetransaction
47	Can delete purchase transaction	12	delete_purchasetransaction
48	Can view purchase transaction	12	view_purchasetransaction
49	Can add purchase return	13	add_purchasereturn
50	Can change purchase return	13	change_purchasereturn
51	Can delete purchase return	13	delete_purchasereturn
52	Can view purchase return	13	view_purchasereturn
53	Can add purchase	14	add_purchase
54	Can change purchase	14	change_purchase
55	Can delete purchase	14	delete_purchase
56	Can view purchase	14	view_purchase
57	Can add sales	15	add_sales
58	Can change sales	15	change_sales
59	Can delete sales	15	delete_sales
60	Can view sales	15	view_sales
61	Can add sales return	16	add_salesreturn
62	Can change sales return	16	change_salesreturn
63	Can delete sales return	16	delete_salesreturn
64	Can view sales return	16	view_salesreturn
65	Can add sales transaction	17	add_salestransaction
66	Can change sales transaction	17	change_salestransaction
67	Can delete sales transaction	17	delete_salestransaction
68	Can view sales transaction	17	view_salestransaction
69	Can add emi debtor transaction	18	add_emidebtortransaction
70	Can change emi debtor transaction	18	change_emidebtortransaction
71	Can delete emi debtor transaction	18	delete_emidebtortransaction
72	Can view emi debtor transaction	18	view_emidebtortransaction
73	Can add scheme	19	add_scheme
74	Can change scheme	19	change_scheme
75	Can delete scheme	19	delete_scheme
76	Can view scheme	19	view_scheme
77	Can add subscheme	20	add_subscheme
78	Can change subscheme	20	change_subscheme
79	Can delete subscheme	20	delete_subscheme
80	Can view subscheme	20	view_subscheme
81	Can add vendor	21	add_vendor
82	Can change vendor	21	change_vendor
83	Can delete vendor	21	delete_vendor
84	Can view vendor	21	view_vendor
85	Can add vendor transaction	22	add_vendortransaction
86	Can change vendor transaction	22	change_vendortransaction
87	Can delete vendor transaction	22	delete_vendortransaction
88	Can view vendor transaction	22	view_vendortransaction
89	Can add otp	23	add_otp
90	Can change otp	23	change_otp
91	Can delete otp	23	delete_otp
92	Can view otp	23	view_otp
93	Can add user	24	add_user
94	Can change user	24	change_user
95	Can delete user	24	delete_user
96	Can view user	24	view_user
97	Can add branch	25	add_branch
98	Can change branch	25	change_branch
99	Can delete branch	25	delete_branch
100	Can view branch	25	view_branch
101	Can add enterprise	26	add_enterprise
102	Can change enterprise	26	change_enterprise
103	Can delete enterprise	26	delete_enterprise
104	Can view enterprise	26	view_enterprise
105	Can add person	27	add_person
106	Can change person	27	change_person
107	Can delete person	27	delete_person
108	Can view person	27	view_person
109	Can add brand	28	add_brand
110	Can change brand	28	change_brand
111	Can delete brand	28	delete_brand
112	Can view brand	28	view_brand
113	Can add product	29	add_product
114	Can change product	29	change_product
115	Can delete product	29	delete_product
116	Can view product	29	view_product
117	Can add customer	30	add_customer
118	Can change customer	30	change_customer
119	Can delete customer	30	delete_customer
120	Can view customer	30	view_customer
121	Can add debtor	31	add_debtor
122	Can change debtor	31	change_debtor
123	Can delete debtor	31	delete_debtor
124	Can view debtor	31	view_debtor
125	Can add debtor transaction	32	add_debtortransaction
126	Can change debtor transaction	32	change_debtortransaction
127	Can delete debtor transaction	32	delete_debtortransaction
128	Can view debtor transaction	32	view_debtortransaction
129	Can add purchase	33	add_purchase
130	Can change purchase	33	change_purchase
131	Can delete purchase	33	delete_purchase
132	Can view purchase	33	view_purchase
133	Can add purchase return	34	add_purchasereturn
134	Can change purchase return	34	change_purchasereturn
135	Can delete purchase return	34	delete_purchasereturn
136	Can view purchase return	34	view_purchasereturn
137	Can add purchase transaction	35	add_purchasetransaction
138	Can change purchase transaction	35	change_purchasetransaction
139	Can delete purchase transaction	35	delete_purchasetransaction
140	Can view purchase transaction	35	view_purchasetransaction
141	Can add sales	36	add_sales
142	Can change sales	36	change_sales
143	Can delete sales	36	delete_sales
144	Can view sales	36	view_sales
145	Can add sales return	37	add_salesreturn
146	Can change sales return	37	change_salesreturn
147	Can delete sales return	37	delete_salesreturn
148	Can view sales return	37	view_salesreturn
149	Can add sales transaction	38	add_salestransaction
150	Can change sales transaction	38	change_salestransaction
151	Can delete sales transaction	38	delete_salestransaction
152	Can view sales transaction	38	view_salestransaction
153	Can add staff	39	add_staff
154	Can change staff	39	change_staff
155	Can delete staff	39	delete_staff
156	Can view staff	39	view_staff
157	Can add staff transactions	40	add_stafftransactions
158	Can change staff transactions	40	change_stafftransactions
159	Can delete staff transactions	40	delete_stafftransactions
160	Can view staff transactions	40	view_stafftransactions
161	Can add vendor	41	add_vendor
162	Can change vendor	41	change_vendor
163	Can delete vendor	41	delete_vendor
164	Can view vendor	41	view_vendor
165	Can add vendor transactions	42	add_vendortransactions
166	Can change vendor transactions	42	change_vendortransactions
167	Can delete vendor transactions	42	delete_vendortransactions
168	Can view vendor transactions	42	view_vendortransactions
169	Can add manufacture	43	add_manufacture
170	Can change manufacture	43	change_manufacture
171	Can delete manufacture	43	delete_manufacture
172	Can view manufacture	43	view_manufacture
173	Can add manufacture item	44	add_manufactureitem
174	Can change manufacture item	44	change_manufactureitem
175	Can delete manufacture item	44	delete_manufactureitem
176	Can view manufacture item	44	view_manufactureitem
\.


--
-- Data for Name: django_admin_log; Type: TABLE DATA; Schema: public; Owner: amakonana
--

COPY public.django_admin_log (id, action_time, object_id, object_repr, action_flag, change_message, content_type_id, user_id) FROM stdin;
1	2025-07-22 18:00:23.371406+00	1	AmaKoNana	1	[{"added": {}}]	26	141c29cd-7d21-4098-9584-97f438fbd8d1
2	2025-07-22 18:00:46.154926+00	1	Basundhara	1	[{"added": {}}]	25	141c29cd-7d21-4098-9584-97f438fbd8d1
3	2025-07-22 18:00:48.488577+00	141c29cd-7d21-4098-9584-97f438fbd8d1	Bibhab Basnet - Admin at AmaKoNana	1	[{"added": {}}]	27	141c29cd-7d21-4098-9584-97f438fbd8d1
4	2025-07-24 10:18:21.860316+00	1	asd	3		41	141c29cd-7d21-4098-9584-97f438fbd8d1
5	2025-07-24 10:48:50.918717+00	1	AamaKoNana	2	[{"changed": {"fields": ["Name"]}}]	26	141c29cd-7d21-4098-9584-97f438fbd8d1
6	2025-07-24 11:44:27.509844+00	2	Chakrapath	1	[{"added": {}}]	25	141c29cd-7d21-4098-9584-97f438fbd8d1
7	2025-07-24 11:44:45.655302+00	141c29cd-7d21-4098-9584-97f438fbd8d1	Bibhab Basnet - Admin at AamaKoNana	2	[{"changed": {"fields": ["Branch"]}}]	27	141c29cd-7d21-4098-9584-97f438fbd8d1
8	2025-07-24 15:03:25.110479+00	a1ec479b-9a7e-474b-adca-eed904cd8e80	rajesh@amakonana.com	1	[{"added": {}}]	24	141c29cd-7d21-4098-9584-97f438fbd8d1
9	2025-07-24 15:04:00.369236+00	a1ec479b-9a7e-474b-adca-eed904cd8e80	Rajesh - Admin at AamaKoNana	1	[{"added": {}}]	27	141c29cd-7d21-4098-9584-97f438fbd8d1
10	2025-08-08 11:39:04.304952+00	3	Kumaripati	1	[{"added": {}}]	25	141c29cd-7d21-4098-9584-97f438fbd8d1
11	2025-08-08 11:39:41.346267+00	a1ec479b-9a7e-474b-adca-eed904cd8e80	rajesh@aamakonana.com	2	[{"changed": {"fields": ["Email address"]}}]	24	141c29cd-7d21-4098-9584-97f438fbd8d1
12	2025-08-08 12:15:57.471255+00	19	Nappies	3		28	141c29cd-7d21-4098-9584-97f438fbd8d1
13	2025-08-08 12:15:57.471332+00	18	Urine mat	3		28	141c29cd-7d21-4098-9584-97f438fbd8d1
14	2025-08-08 12:15:57.471356+00	17	Blankets	3		28	141c29cd-7d21-4098-9584-97f438fbd8d1
15	2025-08-08 12:15:57.471373+00	16	Extras	3		28	141c29cd-7d21-4098-9584-97f438fbd8d1
16	2025-08-08 12:15:57.471388+00	15	Night Wears	3		28	141c29cd-7d21-4098-9584-97f438fbd8d1
17	2025-08-08 12:15:57.471404+00	14	Frocks	3		28	141c29cd-7d21-4098-9584-97f438fbd8d1
18	2025-08-08 12:15:57.471421+00	13	Shawls and Dasna Set	3		28	141c29cd-7d21-4098-9584-97f438fbd8d1
19	2025-08-08 12:15:57.471435+00	12	Moms	3		28	141c29cd-7d21-4098-9584-97f438fbd8d1
20	2025-08-08 12:15:57.471455+00	11	Kids	3		28	141c29cd-7d21-4098-9584-97f438fbd8d1
21	2025-08-08 12:15:57.47147+00	10	Nappies	3		28	141c29cd-7d21-4098-9584-97f438fbd8d1
22	2025-08-08 12:15:57.471487+00	9	Urine mat	3		28	141c29cd-7d21-4098-9584-97f438fbd8d1
23	2025-08-08 12:15:57.471504+00	8	Blankets	3		28	141c29cd-7d21-4098-9584-97f438fbd8d1
24	2025-08-08 12:15:57.471519+00	7	Extras	3		28	141c29cd-7d21-4098-9584-97f438fbd8d1
25	2025-08-08 12:15:57.471539+00	6	Night Wears	3		28	141c29cd-7d21-4098-9584-97f438fbd8d1
26	2025-08-08 12:15:57.471563+00	5	Frocks	3		28	141c29cd-7d21-4098-9584-97f438fbd8d1
27	2025-08-08 12:15:57.471584+00	4	Shawls and Dasna Set	3		28	141c29cd-7d21-4098-9584-97f438fbd8d1
28	2025-08-08 12:15:57.471602+00	3	Moms	3		28	141c29cd-7d21-4098-9584-97f438fbd8d1
29	2025-08-08 12:15:57.471622+00	2	Kids	3		28	141c29cd-7d21-4098-9584-97f438fbd8d1
30	2025-08-08 12:16:10.609506+00	4	Mittal	3		35	141c29cd-7d21-4098-9584-97f438fbd8d1
31	2025-08-08 12:16:28.346307+00	3	Aama ko nana	3		41	141c29cd-7d21-4098-9584-97f438fbd8d1
32	2025-08-08 12:16:28.346388+00	2	Mittal	3		41	141c29cd-7d21-4098-9584-97f438fbd8d1
\.


--
-- Data for Name: django_content_type; Type: TABLE DATA; Schema: public; Owner: amakonana
--

COPY public.django_content_type (id, app_label, model) FROM stdin;
1	admin	logentry
2	auth	permission
3	auth	group
4	contenttypes	contenttype
5	sessions	session
6	inventory	brand
7	inventory	phone
8	inventory	item
9	transaction	emidebtor
10	transaction	priceprotection
11	transaction	ppitems
12	transaction	purchasetransaction
13	transaction	purchasereturn
14	transaction	purchase
15	transaction	sales
16	transaction	salesreturn
17	transaction	salestransaction
18	transaction	emidebtortransaction
19	transaction	scheme
20	transaction	subscheme
21	transaction	vendor
22	transaction	vendortransaction
23	userauth	otp
24	userauth	user
25	enterprise	branch
26	enterprise	enterprise
27	enterprise	person
28	allinventory	brand
29	allinventory	product
30	alltransactions	customer
31	alltransactions	debtor
32	alltransactions	debtortransaction
33	alltransactions	purchase
34	alltransactions	purchasereturn
35	alltransactions	purchasetransaction
36	alltransactions	sales
37	alltransactions	salesreturn
38	alltransactions	salestransaction
39	alltransactions	staff
40	alltransactions	stafftransactions
41	alltransactions	vendor
42	alltransactions	vendortransactions
43	allinventory	manufacture
44	allinventory	manufactureitem
\.


--
-- Data for Name: django_migrations; Type: TABLE DATA; Schema: public; Owner: amakonana
--

COPY public.django_migrations (id, app, name, applied) FROM stdin;
1	contenttypes	0001_initial	2025-07-22 17:12:44.581782+00
2	contenttypes	0002_remove_content_type_name	2025-07-22 17:12:44.596331+00
3	auth	0001_initial	2025-07-22 17:12:44.666251+00
4	auth	0002_alter_permission_name_max_length	2025-07-22 17:12:44.676933+00
5	auth	0003_alter_user_email_max_length	2025-07-22 17:12:44.687069+00
6	auth	0004_alter_user_username_opts	2025-07-22 17:12:44.697682+00
7	auth	0005_alter_user_last_login_null	2025-07-22 17:12:44.708225+00
8	auth	0006_require_contenttypes_0002	2025-07-22 17:12:44.711422+00
9	auth	0007_alter_validators_add_error_messages	2025-07-22 17:12:44.722987+00
10	auth	0008_alter_user_username_max_length	2025-07-22 17:12:44.73301+00
11	auth	0009_alter_user_last_name_max_length	2025-07-22 17:12:44.742804+00
12	auth	0010_alter_group_name_max_length	2025-07-22 17:12:44.757045+00
13	auth	0011_update_proxy_permissions	2025-07-22 17:12:44.766646+00
14	auth	0012_alter_user_first_name_max_length	2025-07-22 17:12:44.776322+00
15	userauth	0001_initial	2025-07-22 17:12:44.844748+00
16	admin	0001_initial	2025-07-22 17:12:44.874462+00
17	admin	0002_logentry_remove_auto_add	2025-07-22 17:12:44.884461+00
18	admin	0003_logentry_add_action_flag_choices	2025-07-22 17:12:44.89725+00
19	enterprise	0001_initial	2025-07-22 17:12:44.911803+00
20	alltransactions	0001_initial	2025-07-22 17:12:45.01157+00
21	allinventory	0001_initial	2025-07-22 17:12:45.026592+00
22	allinventory	0002_initial	2025-07-22 17:12:45.104424+00
23	inventory	0001_initial	2025-07-22 17:12:45.181536+00
24	transaction	0001_initial	2025-07-22 17:12:46.076088+00
25	alltransactions	0002_initial	2025-07-22 17:12:48.103674+00
26	enterprise	0002_initial	2025-07-22 17:12:48.254908+00
27	sessions	0001_initial	2025-07-22 17:12:48.275446+00
28	alltransactions	0003_alter_vendortransactions_desc	2025-07-24 10:28:44.873986+00
29	allinventory	0003_manufacture_manufactureitem	2025-08-14 07:15:04.241798+00
30	allinventory	0004_alter_manufacture_date	2025-08-14 07:15:04.256703+00
31	allinventory	0005_alter_manufacture_date	2025-08-14 07:15:04.271374+00
32	allinventory	0006_alter_manufacture_date	2025-08-14 07:15:04.286606+00
33	allinventory	0007_alter_manufacture_date	2025-08-14 07:15:04.299338+00
34	allinventory	0008_alter_manufacture_date_and_more	2025-08-14 07:15:04.328233+00
35	allinventory	0009_alter_manufacture_date	2025-08-14 07:15:04.342204+00
36	allinventory	0010_alter_manufacture_date	2025-08-14 07:15:04.355592+00
37	allinventory	0011_alter_manufacture_date	2025-08-14 07:15:04.368773+00
38	allinventory	0012_alter_manufacture_date	2025-08-14 07:15:04.381233+00
39	allinventory	0013_product_print_pattern_alter_manufacture_date	2025-08-14 07:15:04.428694+00
40	allinventory	0014_alter_manufacture_date	2025-08-14 07:15:04.442334+00
\.


--
-- Data for Name: django_session; Type: TABLE DATA; Schema: public; Owner: amakonana
--

COPY public.django_session (session_key, session_data, expire_date) FROM stdin;
4ymg5n45ljwe9cmcmanwwwh2ncfam7o2	.eJxVzMsOwiAQheF3YS2EYWgZXLr3GZqBAVs1bdLLyvju2qQLXZ__Oy_V8bb23baUuRtEnRV4yC5m0UEcaG8j6diQ1zFUj1STkIA6_bLE-VHG3cqdx9tk8jSu85DMnphjXcx1kvK8HO3fQc9L_9UFQ7WOq20y1YIsllOK0LrKVRxmQMutDS0SURMAKYDEmGwQ8lgjq_cHqvhAbA:1ueHHg:TE6Yqnl6OjXXtTQNo_4YAtnJ9RtvhUfsGXcaOn1rg4k	2025-08-05 18:00:12.474271+00
qcv78lywk096qqw1wtwlebr9svvz0vjz	.eJxVzMsOwiAQheF3YS2EYWgZXLr3GZqBAVs1bdLLyvju2qQLXZ__Oy_V8bb23baUuRtEnRV4yC5m0UEcaG8j6diQ1zFUj1STkIA6_bLE-VHG3cqdx9tk8jSu85DMnphjXcx1kvK8HO3fQc9L_9UFQ7WOq20y1YIsllOK0LrKVRxmQMutDS0SURMAKYDEmGwQ8lgjq_cHqvhAbA:1uet1U:0rY_tthCn_51iRf1eGoTSNON2fHxvNLop_meIqDxdOc	2025-08-07 10:18:00.071981+00
i0arq1wstnum9xof4o9o608vb926kwgb	.eJxVzMsOwiAQheF3YS2EYWgZXLr3GZqBAVs1bdLLyvju2qQLXZ__Oy_V8bb23baUuRtEnRV4yC5m0UEcaG8j6diQ1zFUj1STkIA6_bLE-VHG3cqdx9tk8jSu85DMnphjXcx1kvK8HO3fQc9L_9UFQ7WOq20y1YIsllOK0LrKVRxmQMutDS0SURMAKYDEmGwQ8lgjq_cHqvhAbA:1uexSq:g4BrVeLmlQXGFcCJGQu9mN933lWgq2phzV451o2Wfc8	2025-08-07 15:02:32.850218+00
ifsowmqcd91enoq5wdv7ml3xolgklneq	.eJxVzMsOwiAQheF3YS2EYWgZXLr3GZqBAVs1bdLLyvju2qQLXZ__Oy_V8bb23baUuRtEnRV4yC5m0UEcaG8j6diQ1zFUj1STkIA6_bLE-VHG3cqdx9tk8jSu85DMnphjXcx1kvK8HO3fQc9L_9UFQ7WOq20y1YIsllOK0LrKVRxmQMutDS0SURMAKYDEmGwQ8lgjq_cHqvhAbA:1ukLQr:R_eAFXKT2IkkWlNKbr1llkzXg4LnUvexqLJNYMbmecM	2025-08-22 11:38:45.925082+00
jk0rm17mvi4lfocx9ezr15dnamcztwh5	.eJxVzMsOwiAQheF3YS2EYWgZXLr3GZqBAVs1bdLLyvju2qQLXZ__Oy_V8bb23baUuRtEnRV4yC5m0UEcaG8j6diQ1zFUj1STkIA6_bLE-VHG3cqdx9tk8jSu85DMnphjXcx1kvK8HO3fQc9L_9UFQ7WOq20y1YIsllOK0LrKVRxmQMutDS0SURMAKYDEmGwQ8lgjq_cHqvhAbA:1umSAB:vNQBaURbEav9vsP2T1T0AeL72cmvut4-SPzcUXzsfQs	2025-08-28 07:14:15.969906+00
\.


--
-- Data for Name: enterprise_branch; Type: TABLE DATA; Schema: public; Owner: amakonana
--

COPY public.enterprise_branch (id, name, enterprise_id) FROM stdin;
1	Basundhara	1
2	Chakrapath	1
3	Kumaripati	1
\.


--
-- Data for Name: enterprise_enterprise; Type: TABLE DATA; Schema: public; Owner: amakonana
--

COPY public.enterprise_enterprise (id, name) FROM stdin;
1	AamaKoNana
\.


--
-- Data for Name: enterprise_person; Type: TABLE DATA; Schema: public; Owner: amakonana
--

COPY public.enterprise_person (user_id, role, branch_id, enterprise_id) FROM stdin;
141c29cd-7d21-4098-9584-97f438fbd8d1	Admin	\N	1
a1ec479b-9a7e-474b-adca-eed904cd8e80	Admin	\N	1
\.


--
-- Data for Name: inventory_brand; Type: TABLE DATA; Schema: public; Owner: amakonana
--

COPY public.inventory_brand (id, name, stock, count, branch_id, enterprise_id) FROM stdin;
\.


--
-- Data for Name: inventory_item; Type: TABLE DATA; Schema: public; Owner: amakonana
--

COPY public.inventory_item (id, imei_number, phone_id) FROM stdin;
\.


--
-- Data for Name: inventory_phone; Type: TABLE DATA; Schema: public; Owner: amakonana
--

COPY public.inventory_phone (id, name, count, stock, cost_price, selling_price, branch_id, brand_id, enterprise_id) FROM stdin;
\.


--
-- Data for Name: transaction_emidebtor; Type: TABLE DATA; Schema: public; Owner: amakonana
--

COPY public.transaction_emidebtor (id, name, phone_number, due, branch_id, brand_id, enterprise_id) FROM stdin;
\.


--
-- Data for Name: transaction_emidebtortransaction; Type: TABLE DATA; Schema: public; Owner: amakonana
--

COPY public.transaction_emidebtortransaction (id, date, amount, method, cheque_number, cashout_date, "desc", branch_id, debtor_id, enterprise_id, sales_transaction_id) FROM stdin;
\.


--
-- Data for Name: transaction_ppitems; Type: TABLE DATA; Schema: public; Owner: amakonana
--

COPY public.transaction_ppitems (id, imei_number, cashback, phone_id, pp_id) FROM stdin;
\.


--
-- Data for Name: transaction_priceprotection; Type: TABLE DATA; Schema: public; Owner: amakonana
--

COPY public.transaction_priceprotection (id, from_date, to_date, price_drop, status, receivable, branch_id, brand_id, enterprise_id, phone_id) FROM stdin;
\.


--
-- Data for Name: transaction_priceprotection_sales; Type: TABLE DATA; Schema: public; Owner: amakonana
--

COPY public.transaction_priceprotection_sales (id, priceprotection_id, sales_id) FROM stdin;
\.


--
-- Data for Name: transaction_purchase; Type: TABLE DATA; Schema: public; Owner: amakonana
--

COPY public.transaction_purchase (id, imei_number, unit_price, returned, phone_id, purchase_return_id, purchase_transaction_id) FROM stdin;
\.


--
-- Data for Name: transaction_purchasereturn; Type: TABLE DATA; Schema: public; Owner: amakonana
--

COPY public.transaction_purchasereturn (id, date, branch_id, enterprise_id, purchase_transaction_id) FROM stdin;
\.


--
-- Data for Name: transaction_purchasetransaction; Type: TABLE DATA; Schema: public; Owner: amakonana
--

COPY public.transaction_purchasetransaction (id, date, total_amount, bill_no, method, cheque_number, cashout_date, branch_id, enterprise_id, vendor_id) FROM stdin;
\.


--
-- Data for Name: transaction_sales; Type: TABLE DATA; Schema: public; Owner: amakonana
--

COPY public.transaction_sales (id, imei_number, unit_price, profit, returned, phone_id, sales_return_id, sales_transaction_id) FROM stdin;
\.


--
-- Data for Name: transaction_salesreturn; Type: TABLE DATA; Schema: public; Owner: amakonana
--

COPY public.transaction_salesreturn (id, date, branch_id, enterprise_id, sales_transaction_id) FROM stdin;
\.


--
-- Data for Name: transaction_salestransaction; Type: TABLE DATA; Schema: public; Owner: amakonana
--

COPY public.transaction_salestransaction (id, date, name, phone_number, total_amount, bill_no, discount, subtotal, method, credited_amount, amount_paid, branch_id, debtor_id, emi_debtor_id, enterprise_id) FROM stdin;
\.


--
-- Data for Name: transaction_scheme; Type: TABLE DATA; Schema: public; Owner: amakonana
--

COPY public.transaction_scheme (id, from_date, to_date, receivable, status, branch_id, brand_id, enterprise_id, phone_id) FROM stdin;
\.


--
-- Data for Name: transaction_scheme_sales; Type: TABLE DATA; Schema: public; Owner: amakonana
--

COPY public.transaction_scheme_sales (id, scheme_id, sales_id) FROM stdin;
\.


--
-- Data for Name: transaction_subscheme; Type: TABLE DATA; Schema: public; Owner: amakonana
--

COPY public.transaction_subscheme (id, lowerbound, upperbound, cashback, scheme_id) FROM stdin;
\.


--
-- Data for Name: transaction_vendor; Type: TABLE DATA; Schema: public; Owner: amakonana
--

COPY public.transaction_vendor (id, name, due, cashback, branch_id, brand_id, enterprise_id) FROM stdin;
\.


--
-- Data for Name: transaction_vendortransaction; Type: TABLE DATA; Schema: public; Owner: amakonana
--

COPY public.transaction_vendortransaction (id, date, amount, cheque_number, cashout_date, method, "desc", base, type, branch_id, enterprise_id, purchase_transaction_id, vendor_id) FROM stdin;
\.


--
-- Data for Name: userauth_otp; Type: TABLE DATA; Schema: public; Owner: amakonana
--

COPY public.userauth_otp (id, otp, email) FROM stdin;
\.


--
-- Data for Name: userauth_user; Type: TABLE DATA; Schema: public; Owner: amakonana
--

COPY public.userauth_user (password, last_login, email, name, id, is_active, is_superuser, is_staff) FROM stdin;
pbkdf2_sha256$870000$oMdYwqpvpMPFmYb7WTUUEz$T1hvmh8bZFPsQZvjHv2QJ2Wy8RfIchkbLvAuEjJI26c=	\N	rajesh@aamakonana.com	Rajesh	a1ec479b-9a7e-474b-adca-eed904cd8e80	t	f	f
pbkdf2_sha256$870000$MKDgkAQOVehBQfldAFtnkm$jN9avwaE9566aIlWRMwZGLJFnKYRdW6fDOlm2NCaTSg=	2025-08-14 07:14:15.967216+00	bbobbasnet@gmail.com	Bibhab Basnet	141c29cd-7d21-4098-9584-97f438fbd8d1	t	t	t
\.


--
-- Data for Name: userauth_user_groups; Type: TABLE DATA; Schema: public; Owner: amakonana
--

COPY public.userauth_user_groups (id, user_id, group_id) FROM stdin;
\.


--
-- Data for Name: userauth_user_user_permissions; Type: TABLE DATA; Schema: public; Owner: amakonana
--

COPY public.userauth_user_user_permissions (id, user_id, permission_id) FROM stdin;
\.


--
-- Name: allinventory_brand_id_seq; Type: SEQUENCE SET; Schema: public; Owner: amakonana
--

SELECT pg_catalog.setval('public.allinventory_brand_id_seq', 29, true);


--
-- Name: allinventory_manufacture_id_seq; Type: SEQUENCE SET; Schema: public; Owner: amakonana
--

SELECT pg_catalog.setval('public.allinventory_manufacture_id_seq', 1, false);


--
-- Name: allinventory_manufactureitem_id_seq; Type: SEQUENCE SET; Schema: public; Owner: amakonana
--

SELECT pg_catalog.setval('public.allinventory_manufactureitem_id_seq', 1, false);


--
-- Name: allinventory_product_id_seq; Type: SEQUENCE SET; Schema: public; Owner: amakonana
--

SELECT pg_catalog.setval('public.allinventory_product_id_seq', 95, true);


--
-- Name: allinventory_product_vendor_id_seq; Type: SEQUENCE SET; Schema: public; Owner: amakonana
--

SELECT pg_catalog.setval('public.allinventory_product_vendor_id_seq', 91, true);


--
-- Name: alltransactions_debtor_id_seq; Type: SEQUENCE SET; Schema: public; Owner: amakonana
--

SELECT pg_catalog.setval('public.alltransactions_debtor_id_seq', 1, false);


--
-- Name: alltransactions_debtortransaction_id_seq; Type: SEQUENCE SET; Schema: public; Owner: amakonana
--

SELECT pg_catalog.setval('public.alltransactions_debtortransaction_id_seq', 1, false);


--
-- Name: alltransactions_purchase_id_seq; Type: SEQUENCE SET; Schema: public; Owner: amakonana
--

SELECT pg_catalog.setval('public.alltransactions_purchase_id_seq', 16, true);


--
-- Name: alltransactions_purchasereturn_id_seq; Type: SEQUENCE SET; Schema: public; Owner: amakonana
--

SELECT pg_catalog.setval('public.alltransactions_purchasereturn_id_seq', 2, true);


--
-- Name: alltransactions_purchasetransaction_id_seq; Type: SEQUENCE SET; Schema: public; Owner: amakonana
--

SELECT pg_catalog.setval('public.alltransactions_purchasetransaction_id_seq', 14, true);


--
-- Name: alltransactions_sales_id_seq; Type: SEQUENCE SET; Schema: public; Owner: amakonana
--

SELECT pg_catalog.setval('public.alltransactions_sales_id_seq', 24, true);


--
-- Name: alltransactions_salesreturn_id_seq; Type: SEQUENCE SET; Schema: public; Owner: amakonana
--

SELECT pg_catalog.setval('public.alltransactions_salesreturn_id_seq', 1, false);


--
-- Name: alltransactions_salestransaction_id_seq; Type: SEQUENCE SET; Schema: public; Owner: amakonana
--

SELECT pg_catalog.setval('public.alltransactions_salestransaction_id_seq', 19, true);


--
-- Name: alltransactions_staff_id_seq; Type: SEQUENCE SET; Schema: public; Owner: amakonana
--

SELECT pg_catalog.setval('public.alltransactions_staff_id_seq', 1, false);


--
-- Name: alltransactions_stafftransactions_id_seq; Type: SEQUENCE SET; Schema: public; Owner: amakonana
--

SELECT pg_catalog.setval('public.alltransactions_stafftransactions_id_seq', 1, false);


--
-- Name: alltransactions_vendor_id_seq; Type: SEQUENCE SET; Schema: public; Owner: amakonana
--

SELECT pg_catalog.setval('public.alltransactions_vendor_id_seq', 5, true);


--
-- Name: alltransactions_vendortransactions_id_seq; Type: SEQUENCE SET; Schema: public; Owner: amakonana
--

SELECT pg_catalog.setval('public.alltransactions_vendortransactions_id_seq', 14, true);


--
-- Name: auth_group_id_seq; Type: SEQUENCE SET; Schema: public; Owner: amakonana
--

SELECT pg_catalog.setval('public.auth_group_id_seq', 1, false);


--
-- Name: auth_group_permissions_id_seq; Type: SEQUENCE SET; Schema: public; Owner: amakonana
--

SELECT pg_catalog.setval('public.auth_group_permissions_id_seq', 1, false);


--
-- Name: auth_permission_id_seq; Type: SEQUENCE SET; Schema: public; Owner: amakonana
--

SELECT pg_catalog.setval('public.auth_permission_id_seq', 176, true);


--
-- Name: django_admin_log_id_seq; Type: SEQUENCE SET; Schema: public; Owner: amakonana
--

SELECT pg_catalog.setval('public.django_admin_log_id_seq', 32, true);


--
-- Name: django_content_type_id_seq; Type: SEQUENCE SET; Schema: public; Owner: amakonana
--

SELECT pg_catalog.setval('public.django_content_type_id_seq', 44, true);


--
-- Name: django_migrations_id_seq; Type: SEQUENCE SET; Schema: public; Owner: amakonana
--

SELECT pg_catalog.setval('public.django_migrations_id_seq', 40, true);


--
-- Name: enterprise_branch_id_seq; Type: SEQUENCE SET; Schema: public; Owner: amakonana
--

SELECT pg_catalog.setval('public.enterprise_branch_id_seq', 3, true);


--
-- Name: enterprise_enterprise_id_seq; Type: SEQUENCE SET; Schema: public; Owner: amakonana
--

SELECT pg_catalog.setval('public.enterprise_enterprise_id_seq', 1, true);


--
-- Name: inventory_brand_id_seq; Type: SEQUENCE SET; Schema: public; Owner: amakonana
--

SELECT pg_catalog.setval('public.inventory_brand_id_seq', 1, false);


--
-- Name: inventory_item_id_seq; Type: SEQUENCE SET; Schema: public; Owner: amakonana
--

SELECT pg_catalog.setval('public.inventory_item_id_seq', 1, false);


--
-- Name: inventory_phone_id_seq; Type: SEQUENCE SET; Schema: public; Owner: amakonana
--

SELECT pg_catalog.setval('public.inventory_phone_id_seq', 1, false);


--
-- Name: transaction_emidebtor_id_seq; Type: SEQUENCE SET; Schema: public; Owner: amakonana
--

SELECT pg_catalog.setval('public.transaction_emidebtor_id_seq', 1, false);


--
-- Name: transaction_emidebtortransaction_id_seq; Type: SEQUENCE SET; Schema: public; Owner: amakonana
--

SELECT pg_catalog.setval('public.transaction_emidebtortransaction_id_seq', 1, false);


--
-- Name: transaction_ppitems_id_seq; Type: SEQUENCE SET; Schema: public; Owner: amakonana
--

SELECT pg_catalog.setval('public.transaction_ppitems_id_seq', 1, false);


--
-- Name: transaction_priceprotection_id_seq; Type: SEQUENCE SET; Schema: public; Owner: amakonana
--

SELECT pg_catalog.setval('public.transaction_priceprotection_id_seq', 1, false);


--
-- Name: transaction_priceprotection_sales_id_seq; Type: SEQUENCE SET; Schema: public; Owner: amakonana
--

SELECT pg_catalog.setval('public.transaction_priceprotection_sales_id_seq', 1, false);


--
-- Name: transaction_purchase_id_seq; Type: SEQUENCE SET; Schema: public; Owner: amakonana
--

SELECT pg_catalog.setval('public.transaction_purchase_id_seq', 1, false);


--
-- Name: transaction_purchasereturn_id_seq; Type: SEQUENCE SET; Schema: public; Owner: amakonana
--

SELECT pg_catalog.setval('public.transaction_purchasereturn_id_seq', 1, false);


--
-- Name: transaction_purchasetransaction_id_seq; Type: SEQUENCE SET; Schema: public; Owner: amakonana
--

SELECT pg_catalog.setval('public.transaction_purchasetransaction_id_seq', 1, false);


--
-- Name: transaction_sales_id_seq; Type: SEQUENCE SET; Schema: public; Owner: amakonana
--

SELECT pg_catalog.setval('public.transaction_sales_id_seq', 1, false);


--
-- Name: transaction_salesreturn_id_seq; Type: SEQUENCE SET; Schema: public; Owner: amakonana
--

SELECT pg_catalog.setval('public.transaction_salesreturn_id_seq', 1, false);


--
-- Name: transaction_salestransaction_id_seq; Type: SEQUENCE SET; Schema: public; Owner: amakonana
--

SELECT pg_catalog.setval('public.transaction_salestransaction_id_seq', 1, false);


--
-- Name: transaction_scheme_id_seq; Type: SEQUENCE SET; Schema: public; Owner: amakonana
--

SELECT pg_catalog.setval('public.transaction_scheme_id_seq', 1, false);


--
-- Name: transaction_scheme_sales_id_seq; Type: SEQUENCE SET; Schema: public; Owner: amakonana
--

SELECT pg_catalog.setval('public.transaction_scheme_sales_id_seq', 1, false);


--
-- Name: transaction_subscheme_id_seq; Type: SEQUENCE SET; Schema: public; Owner: amakonana
--

SELECT pg_catalog.setval('public.transaction_subscheme_id_seq', 1, false);


--
-- Name: transaction_vendor_id_seq; Type: SEQUENCE SET; Schema: public; Owner: amakonana
--

SELECT pg_catalog.setval('public.transaction_vendor_id_seq', 1, false);


--
-- Name: transaction_vendortransaction_id_seq; Type: SEQUENCE SET; Schema: public; Owner: amakonana
--

SELECT pg_catalog.setval('public.transaction_vendortransaction_id_seq', 1, false);


--
-- Name: userauth_otp_id_seq; Type: SEQUENCE SET; Schema: public; Owner: amakonana
--

SELECT pg_catalog.setval('public.userauth_otp_id_seq', 1, false);


--
-- Name: userauth_user_groups_id_seq; Type: SEQUENCE SET; Schema: public; Owner: amakonana
--

SELECT pg_catalog.setval('public.userauth_user_groups_id_seq', 1, false);


--
-- Name: userauth_user_user_permissions_id_seq; Type: SEQUENCE SET; Schema: public; Owner: amakonana
--

SELECT pg_catalog.setval('public.userauth_user_user_permissions_id_seq', 1, false);


--
-- Name: allinventory_brand allinventory_brand_pkey; Type: CONSTRAINT; Schema: public; Owner: amakonana
--

ALTER TABLE ONLY public.allinventory_brand
    ADD CONSTRAINT allinventory_brand_pkey PRIMARY KEY (id);


--
-- Name: allinventory_manufacture allinventory_manufacture_pkey; Type: CONSTRAINT; Schema: public; Owner: amakonana
--

ALTER TABLE ONLY public.allinventory_manufacture
    ADD CONSTRAINT allinventory_manufacture_pkey PRIMARY KEY (id);


--
-- Name: allinventory_manufactureitem allinventory_manufactureitem_pkey; Type: CONSTRAINT; Schema: public; Owner: amakonana
--

ALTER TABLE ONLY public.allinventory_manufactureitem
    ADD CONSTRAINT allinventory_manufactureitem_pkey PRIMARY KEY (id);


--
-- Name: allinventory_product allinventory_product_pkey; Type: CONSTRAINT; Schema: public; Owner: amakonana
--

ALTER TABLE ONLY public.allinventory_product
    ADD CONSTRAINT allinventory_product_pkey PRIMARY KEY (id);


--
-- Name: allinventory_product_vendor allinventory_product_vendor_pkey; Type: CONSTRAINT; Schema: public; Owner: amakonana
--

ALTER TABLE ONLY public.allinventory_product_vendor
    ADD CONSTRAINT allinventory_product_vendor_pkey PRIMARY KEY (id);


--
-- Name: allinventory_product_vendor allinventory_product_vendor_product_id_vendor_id_a1215a28_uniq; Type: CONSTRAINT; Schema: public; Owner: amakonana
--

ALTER TABLE ONLY public.allinventory_product_vendor
    ADD CONSTRAINT allinventory_product_vendor_product_id_vendor_id_a1215a28_uniq UNIQUE (product_id, vendor_id);


--
-- Name: alltransactions_customer alltransactions_customer_pkey; Type: CONSTRAINT; Schema: public; Owner: amakonana
--

ALTER TABLE ONLY public.alltransactions_customer
    ADD CONSTRAINT alltransactions_customer_pkey PRIMARY KEY (phone_number);


--
-- Name: alltransactions_debtor alltransactions_debtor_pkey; Type: CONSTRAINT; Schema: public; Owner: amakonana
--

ALTER TABLE ONLY public.alltransactions_debtor
    ADD CONSTRAINT alltransactions_debtor_pkey PRIMARY KEY (id);


--
-- Name: alltransactions_debtortransaction alltransactions_debtortransaction_pkey; Type: CONSTRAINT; Schema: public; Owner: amakonana
--

ALTER TABLE ONLY public.alltransactions_debtortransaction
    ADD CONSTRAINT alltransactions_debtortransaction_pkey PRIMARY KEY (id);


--
-- Name: alltransactions_purchase alltransactions_purchase_pkey; Type: CONSTRAINT; Schema: public; Owner: amakonana
--

ALTER TABLE ONLY public.alltransactions_purchase
    ADD CONSTRAINT alltransactions_purchase_pkey PRIMARY KEY (id);


--
-- Name: alltransactions_purchasereturn alltransactions_purchasereturn_pkey; Type: CONSTRAINT; Schema: public; Owner: amakonana
--

ALTER TABLE ONLY public.alltransactions_purchasereturn
    ADD CONSTRAINT alltransactions_purchasereturn_pkey PRIMARY KEY (id);


--
-- Name: alltransactions_purchasetransaction alltransactions_purchasetransaction_pkey; Type: CONSTRAINT; Schema: public; Owner: amakonana
--

ALTER TABLE ONLY public.alltransactions_purchasetransaction
    ADD CONSTRAINT alltransactions_purchasetransaction_pkey PRIMARY KEY (id);


--
-- Name: alltransactions_sales alltransactions_sales_pkey; Type: CONSTRAINT; Schema: public; Owner: amakonana
--

ALTER TABLE ONLY public.alltransactions_sales
    ADD CONSTRAINT alltransactions_sales_pkey PRIMARY KEY (id);


--
-- Name: alltransactions_salesreturn alltransactions_salesreturn_pkey; Type: CONSTRAINT; Schema: public; Owner: amakonana
--

ALTER TABLE ONLY public.alltransactions_salesreturn
    ADD CONSTRAINT alltransactions_salesreturn_pkey PRIMARY KEY (id);


--
-- Name: alltransactions_salestransaction alltransactions_salestransaction_pkey; Type: CONSTRAINT; Schema: public; Owner: amakonana
--

ALTER TABLE ONLY public.alltransactions_salestransaction
    ADD CONSTRAINT alltransactions_salestransaction_pkey PRIMARY KEY (id);


--
-- Name: alltransactions_staff alltransactions_staff_pkey; Type: CONSTRAINT; Schema: public; Owner: amakonana
--

ALTER TABLE ONLY public.alltransactions_staff
    ADD CONSTRAINT alltransactions_staff_pkey PRIMARY KEY (id);


--
-- Name: alltransactions_stafftransactions alltransactions_stafftransactions_pkey; Type: CONSTRAINT; Schema: public; Owner: amakonana
--

ALTER TABLE ONLY public.alltransactions_stafftransactions
    ADD CONSTRAINT alltransactions_stafftransactions_pkey PRIMARY KEY (id);


--
-- Name: alltransactions_vendor alltransactions_vendor_pkey; Type: CONSTRAINT; Schema: public; Owner: amakonana
--

ALTER TABLE ONLY public.alltransactions_vendor
    ADD CONSTRAINT alltransactions_vendor_pkey PRIMARY KEY (id);


--
-- Name: alltransactions_vendortransactions alltransactions_vendortransactions_pkey; Type: CONSTRAINT; Schema: public; Owner: amakonana
--

ALTER TABLE ONLY public.alltransactions_vendortransactions
    ADD CONSTRAINT alltransactions_vendortransactions_pkey PRIMARY KEY (id);


--
-- Name: auth_group auth_group_name_key; Type: CONSTRAINT; Schema: public; Owner: amakonana
--

ALTER TABLE ONLY public.auth_group
    ADD CONSTRAINT auth_group_name_key UNIQUE (name);


--
-- Name: auth_group_permissions auth_group_permissions_group_id_permission_id_0cd325b0_uniq; Type: CONSTRAINT; Schema: public; Owner: amakonana
--

ALTER TABLE ONLY public.auth_group_permissions
    ADD CONSTRAINT auth_group_permissions_group_id_permission_id_0cd325b0_uniq UNIQUE (group_id, permission_id);


--
-- Name: auth_group_permissions auth_group_permissions_pkey; Type: CONSTRAINT; Schema: public; Owner: amakonana
--

ALTER TABLE ONLY public.auth_group_permissions
    ADD CONSTRAINT auth_group_permissions_pkey PRIMARY KEY (id);


--
-- Name: auth_group auth_group_pkey; Type: CONSTRAINT; Schema: public; Owner: amakonana
--

ALTER TABLE ONLY public.auth_group
    ADD CONSTRAINT auth_group_pkey PRIMARY KEY (id);


--
-- Name: auth_permission auth_permission_content_type_id_codename_01ab375a_uniq; Type: CONSTRAINT; Schema: public; Owner: amakonana
--

ALTER TABLE ONLY public.auth_permission
    ADD CONSTRAINT auth_permission_content_type_id_codename_01ab375a_uniq UNIQUE (content_type_id, codename);


--
-- Name: auth_permission auth_permission_pkey; Type: CONSTRAINT; Schema: public; Owner: amakonana
--

ALTER TABLE ONLY public.auth_permission
    ADD CONSTRAINT auth_permission_pkey PRIMARY KEY (id);


--
-- Name: django_admin_log django_admin_log_pkey; Type: CONSTRAINT; Schema: public; Owner: amakonana
--

ALTER TABLE ONLY public.django_admin_log
    ADD CONSTRAINT django_admin_log_pkey PRIMARY KEY (id);


--
-- Name: django_content_type django_content_type_app_label_model_76bd3d3b_uniq; Type: CONSTRAINT; Schema: public; Owner: amakonana
--

ALTER TABLE ONLY public.django_content_type
    ADD CONSTRAINT django_content_type_app_label_model_76bd3d3b_uniq UNIQUE (app_label, model);


--
-- Name: django_content_type django_content_type_pkey; Type: CONSTRAINT; Schema: public; Owner: amakonana
--

ALTER TABLE ONLY public.django_content_type
    ADD CONSTRAINT django_content_type_pkey PRIMARY KEY (id);


--
-- Name: django_migrations django_migrations_pkey; Type: CONSTRAINT; Schema: public; Owner: amakonana
--

ALTER TABLE ONLY public.django_migrations
    ADD CONSTRAINT django_migrations_pkey PRIMARY KEY (id);


--
-- Name: django_session django_session_pkey; Type: CONSTRAINT; Schema: public; Owner: amakonana
--

ALTER TABLE ONLY public.django_session
    ADD CONSTRAINT django_session_pkey PRIMARY KEY (session_key);


--
-- Name: enterprise_branch enterprise_branch_pkey; Type: CONSTRAINT; Schema: public; Owner: amakonana
--

ALTER TABLE ONLY public.enterprise_branch
    ADD CONSTRAINT enterprise_branch_pkey PRIMARY KEY (id);


--
-- Name: enterprise_enterprise enterprise_enterprise_pkey; Type: CONSTRAINT; Schema: public; Owner: amakonana
--

ALTER TABLE ONLY public.enterprise_enterprise
    ADD CONSTRAINT enterprise_enterprise_pkey PRIMARY KEY (id);


--
-- Name: enterprise_person enterprise_person_pkey; Type: CONSTRAINT; Schema: public; Owner: amakonana
--

ALTER TABLE ONLY public.enterprise_person
    ADD CONSTRAINT enterprise_person_pkey PRIMARY KEY (user_id);


--
-- Name: inventory_brand inventory_brand_pkey; Type: CONSTRAINT; Schema: public; Owner: amakonana
--

ALTER TABLE ONLY public.inventory_brand
    ADD CONSTRAINT inventory_brand_pkey PRIMARY KEY (id);


--
-- Name: inventory_item inventory_item_pkey; Type: CONSTRAINT; Schema: public; Owner: amakonana
--

ALTER TABLE ONLY public.inventory_item
    ADD CONSTRAINT inventory_item_pkey PRIMARY KEY (id);


--
-- Name: inventory_phone inventory_phone_pkey; Type: CONSTRAINT; Schema: public; Owner: amakonana
--

ALTER TABLE ONLY public.inventory_phone
    ADD CONSTRAINT inventory_phone_pkey PRIMARY KEY (id);


--
-- Name: transaction_emidebtor transaction_emidebtor_pkey; Type: CONSTRAINT; Schema: public; Owner: amakonana
--

ALTER TABLE ONLY public.transaction_emidebtor
    ADD CONSTRAINT transaction_emidebtor_pkey PRIMARY KEY (id);


--
-- Name: transaction_emidebtortransaction transaction_emidebtortransaction_pkey; Type: CONSTRAINT; Schema: public; Owner: amakonana
--

ALTER TABLE ONLY public.transaction_emidebtortransaction
    ADD CONSTRAINT transaction_emidebtortransaction_pkey PRIMARY KEY (id);


--
-- Name: transaction_ppitems transaction_ppitems_pkey; Type: CONSTRAINT; Schema: public; Owner: amakonana
--

ALTER TABLE ONLY public.transaction_ppitems
    ADD CONSTRAINT transaction_ppitems_pkey PRIMARY KEY (id);


--
-- Name: transaction_priceprotection_sales transaction_priceprotect_priceprotection_id_sales_09f34ebc_uniq; Type: CONSTRAINT; Schema: public; Owner: amakonana
--

ALTER TABLE ONLY public.transaction_priceprotection_sales
    ADD CONSTRAINT transaction_priceprotect_priceprotection_id_sales_09f34ebc_uniq UNIQUE (priceprotection_id, sales_id);


--
-- Name: transaction_priceprotection transaction_priceprotection_pkey; Type: CONSTRAINT; Schema: public; Owner: amakonana
--

ALTER TABLE ONLY public.transaction_priceprotection
    ADD CONSTRAINT transaction_priceprotection_pkey PRIMARY KEY (id);


--
-- Name: transaction_priceprotection_sales transaction_priceprotection_sales_pkey; Type: CONSTRAINT; Schema: public; Owner: amakonana
--

ALTER TABLE ONLY public.transaction_priceprotection_sales
    ADD CONSTRAINT transaction_priceprotection_sales_pkey PRIMARY KEY (id);


--
-- Name: transaction_purchase transaction_purchase_pkey; Type: CONSTRAINT; Schema: public; Owner: amakonana
--

ALTER TABLE ONLY public.transaction_purchase
    ADD CONSTRAINT transaction_purchase_pkey PRIMARY KEY (id);


--
-- Name: transaction_purchasereturn transaction_purchasereturn_pkey; Type: CONSTRAINT; Schema: public; Owner: amakonana
--

ALTER TABLE ONLY public.transaction_purchasereturn
    ADD CONSTRAINT transaction_purchasereturn_pkey PRIMARY KEY (id);


--
-- Name: transaction_purchasetransaction transaction_purchasetransaction_pkey; Type: CONSTRAINT; Schema: public; Owner: amakonana
--

ALTER TABLE ONLY public.transaction_purchasetransaction
    ADD CONSTRAINT transaction_purchasetransaction_pkey PRIMARY KEY (id);


--
-- Name: transaction_sales transaction_sales_pkey; Type: CONSTRAINT; Schema: public; Owner: amakonana
--

ALTER TABLE ONLY public.transaction_sales
    ADD CONSTRAINT transaction_sales_pkey PRIMARY KEY (id);


--
-- Name: transaction_salesreturn transaction_salesreturn_pkey; Type: CONSTRAINT; Schema: public; Owner: amakonana
--

ALTER TABLE ONLY public.transaction_salesreturn
    ADD CONSTRAINT transaction_salesreturn_pkey PRIMARY KEY (id);


--
-- Name: transaction_salestransaction transaction_salestransaction_pkey; Type: CONSTRAINT; Schema: public; Owner: amakonana
--

ALTER TABLE ONLY public.transaction_salestransaction
    ADD CONSTRAINT transaction_salestransaction_pkey PRIMARY KEY (id);


--
-- Name: transaction_scheme transaction_scheme_pkey; Type: CONSTRAINT; Schema: public; Owner: amakonana
--

ALTER TABLE ONLY public.transaction_scheme
    ADD CONSTRAINT transaction_scheme_pkey PRIMARY KEY (id);


--
-- Name: transaction_scheme_sales transaction_scheme_sales_pkey; Type: CONSTRAINT; Schema: public; Owner: amakonana
--

ALTER TABLE ONLY public.transaction_scheme_sales
    ADD CONSTRAINT transaction_scheme_sales_pkey PRIMARY KEY (id);


--
-- Name: transaction_scheme_sales transaction_scheme_sales_scheme_id_sales_id_44470cec_uniq; Type: CONSTRAINT; Schema: public; Owner: amakonana
--

ALTER TABLE ONLY public.transaction_scheme_sales
    ADD CONSTRAINT transaction_scheme_sales_scheme_id_sales_id_44470cec_uniq UNIQUE (scheme_id, sales_id);


--
-- Name: transaction_subscheme transaction_subscheme_pkey; Type: CONSTRAINT; Schema: public; Owner: amakonana
--

ALTER TABLE ONLY public.transaction_subscheme
    ADD CONSTRAINT transaction_subscheme_pkey PRIMARY KEY (id);


--
-- Name: transaction_vendor transaction_vendor_pkey; Type: CONSTRAINT; Schema: public; Owner: amakonana
--

ALTER TABLE ONLY public.transaction_vendor
    ADD CONSTRAINT transaction_vendor_pkey PRIMARY KEY (id);


--
-- Name: transaction_vendortransaction transaction_vendortransaction_pkey; Type: CONSTRAINT; Schema: public; Owner: amakonana
--

ALTER TABLE ONLY public.transaction_vendortransaction
    ADD CONSTRAINT transaction_vendortransaction_pkey PRIMARY KEY (id);


--
-- Name: userauth_otp userauth_otp_pkey; Type: CONSTRAINT; Schema: public; Owner: amakonana
--

ALTER TABLE ONLY public.userauth_otp
    ADD CONSTRAINT userauth_otp_pkey PRIMARY KEY (id);


--
-- Name: userauth_user userauth_user_email_key; Type: CONSTRAINT; Schema: public; Owner: amakonana
--

ALTER TABLE ONLY public.userauth_user
    ADD CONSTRAINT userauth_user_email_key UNIQUE (email);


--
-- Name: userauth_user_groups userauth_user_groups_pkey; Type: CONSTRAINT; Schema: public; Owner: amakonana
--

ALTER TABLE ONLY public.userauth_user_groups
    ADD CONSTRAINT userauth_user_groups_pkey PRIMARY KEY (id);


--
-- Name: userauth_user_groups userauth_user_groups_user_id_group_id_46e5f227_uniq; Type: CONSTRAINT; Schema: public; Owner: amakonana
--

ALTER TABLE ONLY public.userauth_user_groups
    ADD CONSTRAINT userauth_user_groups_user_id_group_id_46e5f227_uniq UNIQUE (user_id, group_id);


--
-- Name: userauth_user userauth_user_pkey; Type: CONSTRAINT; Schema: public; Owner: amakonana
--

ALTER TABLE ONLY public.userauth_user
    ADD CONSTRAINT userauth_user_pkey PRIMARY KEY (id);


--
-- Name: userauth_user_user_permissions userauth_user_user_permi_user_id_permission_id_ce5f9d7d_uniq; Type: CONSTRAINT; Schema: public; Owner: amakonana
--

ALTER TABLE ONLY public.userauth_user_user_permissions
    ADD CONSTRAINT userauth_user_user_permi_user_id_permission_id_ce5f9d7d_uniq UNIQUE (user_id, permission_id);


--
-- Name: userauth_user_user_permissions userauth_user_user_permissions_pkey; Type: CONSTRAINT; Schema: public; Owner: amakonana
--

ALTER TABLE ONLY public.userauth_user_user_permissions
    ADD CONSTRAINT userauth_user_user_permissions_pkey PRIMARY KEY (id);


--
-- Name: allinventory_brand_branch_id_4539d85e; Type: INDEX; Schema: public; Owner: amakonana
--

CREATE INDEX allinventory_brand_branch_id_4539d85e ON public.allinventory_brand USING btree (branch_id);


--
-- Name: allinventory_brand_enterprise_id_da83b23c; Type: INDEX; Schema: public; Owner: amakonana
--

CREATE INDEX allinventory_brand_enterprise_id_da83b23c ON public.allinventory_brand USING btree (enterprise_id);


--
-- Name: allinventory_manufacture_branch_id_5e379f63; Type: INDEX; Schema: public; Owner: amakonana
--

CREATE INDEX allinventory_manufacture_branch_id_5e379f63 ON public.allinventory_manufacture USING btree (branch_id);


--
-- Name: allinventory_manufacture_enterprise_id_cbb7a00c; Type: INDEX; Schema: public; Owner: amakonana
--

CREATE INDEX allinventory_manufacture_enterprise_id_cbb7a00c ON public.allinventory_manufacture USING btree (enterprise_id);


--
-- Name: allinventory_manufactureitem_manufacture_id_cf254725; Type: INDEX; Schema: public; Owner: amakonana
--

CREATE INDEX allinventory_manufactureitem_manufacture_id_cf254725 ON public.allinventory_manufactureitem USING btree (manufacture_id);


--
-- Name: allinventory_manufactureitem_product_id_843ebd07; Type: INDEX; Schema: public; Owner: amakonana
--

CREATE INDEX allinventory_manufactureitem_product_id_843ebd07 ON public.allinventory_manufactureitem USING btree (product_id);


--
-- Name: allinventory_product_branch_id_1f9718c8; Type: INDEX; Schema: public; Owner: amakonana
--

CREATE INDEX allinventory_product_branch_id_1f9718c8 ON public.allinventory_product USING btree (branch_id);


--
-- Name: allinventory_product_brand_id_363fce47; Type: INDEX; Schema: public; Owner: amakonana
--

CREATE INDEX allinventory_product_brand_id_363fce47 ON public.allinventory_product USING btree (brand_id);


--
-- Name: allinventory_product_enterprise_id_5d8efc84; Type: INDEX; Schema: public; Owner: amakonana
--

CREATE INDEX allinventory_product_enterprise_id_5d8efc84 ON public.allinventory_product USING btree (enterprise_id);


--
-- Name: allinventory_product_vendor_product_id_ca20a472; Type: INDEX; Schema: public; Owner: amakonana
--

CREATE INDEX allinventory_product_vendor_product_id_ca20a472 ON public.allinventory_product_vendor USING btree (product_id);


--
-- Name: allinventory_product_vendor_vendor_id_42be6473; Type: INDEX; Schema: public; Owner: amakonana
--

CREATE INDEX allinventory_product_vendor_vendor_id_42be6473 ON public.allinventory_product_vendor USING btree (vendor_id);


--
-- Name: alltransactions_customer_enterprise_id_8c48f5bd; Type: INDEX; Schema: public; Owner: amakonana
--

CREATE INDEX alltransactions_customer_enterprise_id_8c48f5bd ON public.alltransactions_customer USING btree (enterprise_id);


--
-- Name: alltransactions_customer_phone_number_b5c3382f_like; Type: INDEX; Schema: public; Owner: amakonana
--

CREATE INDEX alltransactions_customer_phone_number_b5c3382f_like ON public.alltransactions_customer USING btree (phone_number varchar_pattern_ops);


--
-- Name: alltransactions_debtor_branch_id_1e812cbc; Type: INDEX; Schema: public; Owner: amakonana
--

CREATE INDEX alltransactions_debtor_branch_id_1e812cbc ON public.alltransactions_debtor USING btree (branch_id);


--
-- Name: alltransactions_debtor_enterprise_id_9f593899; Type: INDEX; Schema: public; Owner: amakonana
--

CREATE INDEX alltransactions_debtor_enterprise_id_9f593899 ON public.alltransactions_debtor USING btree (enterprise_id);


--
-- Name: alltransactions_debtortran_all_sales_transaction_id_e8c44cac; Type: INDEX; Schema: public; Owner: amakonana
--

CREATE INDEX alltransactions_debtortran_all_sales_transaction_id_e8c44cac ON public.alltransactions_debtortransaction USING btree (all_sales_transaction_id);


--
-- Name: alltransactions_debtortransaction_branch_id_27421b30; Type: INDEX; Schema: public; Owner: amakonana
--

CREATE INDEX alltransactions_debtortransaction_branch_id_27421b30 ON public.alltransactions_debtortransaction USING btree (branch_id);


--
-- Name: alltransactions_debtortransaction_debtor_id_3d68063d; Type: INDEX; Schema: public; Owner: amakonana
--

CREATE INDEX alltransactions_debtortransaction_debtor_id_3d68063d ON public.alltransactions_debtortransaction USING btree (debtor_id);


--
-- Name: alltransactions_debtortransaction_enterprise_id_e507a0d0; Type: INDEX; Schema: public; Owner: amakonana
--

CREATE INDEX alltransactions_debtortransaction_enterprise_id_e507a0d0 ON public.alltransactions_debtortransaction USING btree (enterprise_id);


--
-- Name: alltransactions_debtortransaction_sales_transaction_id_637e0262; Type: INDEX; Schema: public; Owner: amakonana
--

CREATE INDEX alltransactions_debtortransaction_sales_transaction_id_637e0262 ON public.alltransactions_debtortransaction USING btree (sales_transaction_id);


--
-- Name: alltransactions_purchase_product_id_e4d23026; Type: INDEX; Schema: public; Owner: amakonana
--

CREATE INDEX alltransactions_purchase_product_id_e4d23026 ON public.alltransactions_purchase USING btree (product_id);


--
-- Name: alltransactions_purchase_purchase_return_id_b32b5b3b; Type: INDEX; Schema: public; Owner: amakonana
--

CREATE INDEX alltransactions_purchase_purchase_return_id_b32b5b3b ON public.alltransactions_purchase USING btree (purchase_return_id);


--
-- Name: alltransactions_purchase_purchase_transaction_id_8e3ffa0e; Type: INDEX; Schema: public; Owner: amakonana
--

CREATE INDEX alltransactions_purchase_purchase_transaction_id_8e3ffa0e ON public.alltransactions_purchase USING btree (purchase_transaction_id);


--
-- Name: alltransactions_purchasereturn_branch_id_c78b4381; Type: INDEX; Schema: public; Owner: amakonana
--

CREATE INDEX alltransactions_purchasereturn_branch_id_c78b4381 ON public.alltransactions_purchasereturn USING btree (branch_id);


--
-- Name: alltransactions_purchasereturn_enterprise_id_6f1b02b9; Type: INDEX; Schema: public; Owner: amakonana
--

CREATE INDEX alltransactions_purchasereturn_enterprise_id_6f1b02b9 ON public.alltransactions_purchasereturn USING btree (enterprise_id);


--
-- Name: alltransactions_purchasereturn_purchase_transaction_id_034116d6; Type: INDEX; Schema: public; Owner: amakonana
--

CREATE INDEX alltransactions_purchasereturn_purchase_transaction_id_034116d6 ON public.alltransactions_purchasereturn USING btree (purchase_transaction_id);


--
-- Name: alltransactions_purchasetransaction_branch_id_7e3e82cd; Type: INDEX; Schema: public; Owner: amakonana
--

CREATE INDEX alltransactions_purchasetransaction_branch_id_7e3e82cd ON public.alltransactions_purchasetransaction USING btree (branch_id);


--
-- Name: alltransactions_purchasetransaction_enterprise_id_5bc49b1c; Type: INDEX; Schema: public; Owner: amakonana
--

CREATE INDEX alltransactions_purchasetransaction_enterprise_id_5bc49b1c ON public.alltransactions_purchasetransaction USING btree (enterprise_id);


--
-- Name: alltransactions_purchasetransaction_vendor_id_dd7108fc; Type: INDEX; Schema: public; Owner: amakonana
--

CREATE INDEX alltransactions_purchasetransaction_vendor_id_dd7108fc ON public.alltransactions_purchasetransaction USING btree (vendor_id);


--
-- Name: alltransactions_sales_product_id_7ba18a76; Type: INDEX; Schema: public; Owner: amakonana
--

CREATE INDEX alltransactions_sales_product_id_7ba18a76 ON public.alltransactions_sales USING btree (product_id);


--
-- Name: alltransactions_sales_sales_return_id_1d4c0048; Type: INDEX; Schema: public; Owner: amakonana
--

CREATE INDEX alltransactions_sales_sales_return_id_1d4c0048 ON public.alltransactions_sales USING btree (sales_return_id);


--
-- Name: alltransactions_sales_sales_transaction_id_ec0f7304; Type: INDEX; Schema: public; Owner: amakonana
--

CREATE INDEX alltransactions_sales_sales_transaction_id_ec0f7304 ON public.alltransactions_sales USING btree (sales_transaction_id);


--
-- Name: alltransactions_salesreturn_branch_id_56a36be4; Type: INDEX; Schema: public; Owner: amakonana
--

CREATE INDEX alltransactions_salesreturn_branch_id_56a36be4 ON public.alltransactions_salesreturn USING btree (branch_id);


--
-- Name: alltransactions_salesreturn_enterprise_id_f74164fa; Type: INDEX; Schema: public; Owner: amakonana
--

CREATE INDEX alltransactions_salesreturn_enterprise_id_f74164fa ON public.alltransactions_salesreturn USING btree (enterprise_id);


--
-- Name: alltransactions_salesreturn_sales_transaction_id_36994422; Type: INDEX; Schema: public; Owner: amakonana
--

CREATE INDEX alltransactions_salesreturn_sales_transaction_id_36994422 ON public.alltransactions_salesreturn USING btree (sales_transaction_id);


--
-- Name: alltransactions_salestransaction_branch_id_67f8223d; Type: INDEX; Schema: public; Owner: amakonana
--

CREATE INDEX alltransactions_salestransaction_branch_id_67f8223d ON public.alltransactions_salestransaction USING btree (branch_id);


--
-- Name: alltransactions_salestransaction_debtor_id_c8addb3b; Type: INDEX; Schema: public; Owner: amakonana
--

CREATE INDEX alltransactions_salestransaction_debtor_id_c8addb3b ON public.alltransactions_salestransaction USING btree (debtor_id);


--
-- Name: alltransactions_salestransaction_enterprise_id_dc6fd740; Type: INDEX; Schema: public; Owner: amakonana
--

CREATE INDEX alltransactions_salestransaction_enterprise_id_dc6fd740 ON public.alltransactions_salestransaction USING btree (enterprise_id);


--
-- Name: alltransactions_staff_branch_id_dfe4e348; Type: INDEX; Schema: public; Owner: amakonana
--

CREATE INDEX alltransactions_staff_branch_id_dfe4e348 ON public.alltransactions_staff USING btree (branch_id);


--
-- Name: alltransactions_staff_enterprise_id_16eadc4d; Type: INDEX; Schema: public; Owner: amakonana
--

CREATE INDEX alltransactions_staff_enterprise_id_16eadc4d ON public.alltransactions_staff USING btree (enterprise_id);


--
-- Name: alltransactions_stafftransactions_branch_id_2be48122; Type: INDEX; Schema: public; Owner: amakonana
--

CREATE INDEX alltransactions_stafftransactions_branch_id_2be48122 ON public.alltransactions_stafftransactions USING btree (branch_id);


--
-- Name: alltransactions_stafftransactions_enterprise_id_2d4612cf; Type: INDEX; Schema: public; Owner: amakonana
--

CREATE INDEX alltransactions_stafftransactions_enterprise_id_2d4612cf ON public.alltransactions_stafftransactions USING btree (enterprise_id);


--
-- Name: alltransactions_stafftransactions_staff_id_b58dd31b; Type: INDEX; Schema: public; Owner: amakonana
--

CREATE INDEX alltransactions_stafftransactions_staff_id_b58dd31b ON public.alltransactions_stafftransactions USING btree (staff_id);


--
-- Name: alltransactions_vendor_branch_id_4d010710; Type: INDEX; Schema: public; Owner: amakonana
--

CREATE INDEX alltransactions_vendor_branch_id_4d010710 ON public.alltransactions_vendor USING btree (branch_id);


--
-- Name: alltransactions_vendor_enterprise_id_95e7d9cf; Type: INDEX; Schema: public; Owner: amakonana
--

CREATE INDEX alltransactions_vendor_enterprise_id_95e7d9cf ON public.alltransactions_vendor USING btree (enterprise_id);


--
-- Name: alltransactions_vendortran_purchase_transaction_id_4343df62; Type: INDEX; Schema: public; Owner: amakonana
--

CREATE INDEX alltransactions_vendortran_purchase_transaction_id_4343df62 ON public.alltransactions_vendortransactions USING btree (purchase_transaction_id);


--
-- Name: alltransactions_vendortransactions_branch_id_332c392f; Type: INDEX; Schema: public; Owner: amakonana
--

CREATE INDEX alltransactions_vendortransactions_branch_id_332c392f ON public.alltransactions_vendortransactions USING btree (branch_id);


--
-- Name: alltransactions_vendortransactions_enterprise_id_25305b7d; Type: INDEX; Schema: public; Owner: amakonana
--

CREATE INDEX alltransactions_vendortransactions_enterprise_id_25305b7d ON public.alltransactions_vendortransactions USING btree (enterprise_id);


--
-- Name: alltransactions_vendortransactions_vendor_id_123c386d; Type: INDEX; Schema: public; Owner: amakonana
--

CREATE INDEX alltransactions_vendortransactions_vendor_id_123c386d ON public.alltransactions_vendortransactions USING btree (vendor_id);


--
-- Name: auth_group_name_a6ea08ec_like; Type: INDEX; Schema: public; Owner: amakonana
--

CREATE INDEX auth_group_name_a6ea08ec_like ON public.auth_group USING btree (name varchar_pattern_ops);


--
-- Name: auth_group_permissions_group_id_b120cbf9; Type: INDEX; Schema: public; Owner: amakonana
--

CREATE INDEX auth_group_permissions_group_id_b120cbf9 ON public.auth_group_permissions USING btree (group_id);


--
-- Name: auth_group_permissions_permission_id_84c5c92e; Type: INDEX; Schema: public; Owner: amakonana
--

CREATE INDEX auth_group_permissions_permission_id_84c5c92e ON public.auth_group_permissions USING btree (permission_id);


--
-- Name: auth_permission_content_type_id_2f476e4b; Type: INDEX; Schema: public; Owner: amakonana
--

CREATE INDEX auth_permission_content_type_id_2f476e4b ON public.auth_permission USING btree (content_type_id);


--
-- Name: django_admin_log_content_type_id_c4bce8eb; Type: INDEX; Schema: public; Owner: amakonana
--

CREATE INDEX django_admin_log_content_type_id_c4bce8eb ON public.django_admin_log USING btree (content_type_id);


--
-- Name: django_admin_log_user_id_c564eba6; Type: INDEX; Schema: public; Owner: amakonana
--

CREATE INDEX django_admin_log_user_id_c564eba6 ON public.django_admin_log USING btree (user_id);


--
-- Name: django_session_expire_date_a5c62663; Type: INDEX; Schema: public; Owner: amakonana
--

CREATE INDEX django_session_expire_date_a5c62663 ON public.django_session USING btree (expire_date);


--
-- Name: django_session_session_key_c0390e0f_like; Type: INDEX; Schema: public; Owner: amakonana
--

CREATE INDEX django_session_session_key_c0390e0f_like ON public.django_session USING btree (session_key varchar_pattern_ops);


--
-- Name: enterprise_branch_enterprise_id_b6875737; Type: INDEX; Schema: public; Owner: amakonana
--

CREATE INDEX enterprise_branch_enterprise_id_b6875737 ON public.enterprise_branch USING btree (enterprise_id);


--
-- Name: enterprise_person_branch_id_faa882df; Type: INDEX; Schema: public; Owner: amakonana
--

CREATE INDEX enterprise_person_branch_id_faa882df ON public.enterprise_person USING btree (branch_id);


--
-- Name: enterprise_person_enterprise_id_fe63ae23; Type: INDEX; Schema: public; Owner: amakonana
--

CREATE INDEX enterprise_person_enterprise_id_fe63ae23 ON public.enterprise_person USING btree (enterprise_id);


--
-- Name: inventory_brand_branch_id_79d640a1; Type: INDEX; Schema: public; Owner: amakonana
--

CREATE INDEX inventory_brand_branch_id_79d640a1 ON public.inventory_brand USING btree (branch_id);


--
-- Name: inventory_brand_enterprise_id_6aae5c43; Type: INDEX; Schema: public; Owner: amakonana
--

CREATE INDEX inventory_brand_enterprise_id_6aae5c43 ON public.inventory_brand USING btree (enterprise_id);


--
-- Name: inventory_item_phone_id_2a2f2c69; Type: INDEX; Schema: public; Owner: amakonana
--

CREATE INDEX inventory_item_phone_id_2a2f2c69 ON public.inventory_item USING btree (phone_id);


--
-- Name: inventory_phone_branch_id_195ba17a; Type: INDEX; Schema: public; Owner: amakonana
--

CREATE INDEX inventory_phone_branch_id_195ba17a ON public.inventory_phone USING btree (branch_id);


--
-- Name: inventory_phone_brand_id_92217861; Type: INDEX; Schema: public; Owner: amakonana
--

CREATE INDEX inventory_phone_brand_id_92217861 ON public.inventory_phone USING btree (brand_id);


--
-- Name: inventory_phone_enterprise_id_3661edd6; Type: INDEX; Schema: public; Owner: amakonana
--

CREATE INDEX inventory_phone_enterprise_id_3661edd6 ON public.inventory_phone USING btree (enterprise_id);


--
-- Name: transaction_emidebtor_branch_id_be1d9bcf; Type: INDEX; Schema: public; Owner: amakonana
--

CREATE INDEX transaction_emidebtor_branch_id_be1d9bcf ON public.transaction_emidebtor USING btree (branch_id);


--
-- Name: transaction_emidebtor_brand_id_cd87406a; Type: INDEX; Schema: public; Owner: amakonana
--

CREATE INDEX transaction_emidebtor_brand_id_cd87406a ON public.transaction_emidebtor USING btree (brand_id);


--
-- Name: transaction_emidebtor_enterprise_id_6d6cb270; Type: INDEX; Schema: public; Owner: amakonana
--

CREATE INDEX transaction_emidebtor_enterprise_id_6d6cb270 ON public.transaction_emidebtor USING btree (enterprise_id);


--
-- Name: transaction_emidebtortransaction_branch_id_4e89d202; Type: INDEX; Schema: public; Owner: amakonana
--

CREATE INDEX transaction_emidebtortransaction_branch_id_4e89d202 ON public.transaction_emidebtortransaction USING btree (branch_id);


--
-- Name: transaction_emidebtortransaction_debtor_id_581c443a; Type: INDEX; Schema: public; Owner: amakonana
--

CREATE INDEX transaction_emidebtortransaction_debtor_id_581c443a ON public.transaction_emidebtortransaction USING btree (debtor_id);


--
-- Name: transaction_emidebtortransaction_enterprise_id_c094068f; Type: INDEX; Schema: public; Owner: amakonana
--

CREATE INDEX transaction_emidebtortransaction_enterprise_id_c094068f ON public.transaction_emidebtortransaction USING btree (enterprise_id);


--
-- Name: transaction_emidebtortransaction_sales_transaction_id_8bb6f44b; Type: INDEX; Schema: public; Owner: amakonana
--

CREATE INDEX transaction_emidebtortransaction_sales_transaction_id_8bb6f44b ON public.transaction_emidebtortransaction USING btree (sales_transaction_id);


--
-- Name: transaction_ppitems_phone_id_1cafda7c; Type: INDEX; Schema: public; Owner: amakonana
--

CREATE INDEX transaction_ppitems_phone_id_1cafda7c ON public.transaction_ppitems USING btree (phone_id);


--
-- Name: transaction_ppitems_pp_id_9c4becaa; Type: INDEX; Schema: public; Owner: amakonana
--

CREATE INDEX transaction_ppitems_pp_id_9c4becaa ON public.transaction_ppitems USING btree (pp_id);


--
-- Name: transaction_priceprotection_branch_id_c81d8a5a; Type: INDEX; Schema: public; Owner: amakonana
--

CREATE INDEX transaction_priceprotection_branch_id_c81d8a5a ON public.transaction_priceprotection USING btree (branch_id);


--
-- Name: transaction_priceprotection_brand_id_4f6208c3; Type: INDEX; Schema: public; Owner: amakonana
--

CREATE INDEX transaction_priceprotection_brand_id_4f6208c3 ON public.transaction_priceprotection USING btree (brand_id);


--
-- Name: transaction_priceprotection_enterprise_id_c4e5d4d4; Type: INDEX; Schema: public; Owner: amakonana
--

CREATE INDEX transaction_priceprotection_enterprise_id_c4e5d4d4 ON public.transaction_priceprotection USING btree (enterprise_id);


--
-- Name: transaction_priceprotection_phone_id_7e41bbab; Type: INDEX; Schema: public; Owner: amakonana
--

CREATE INDEX transaction_priceprotection_phone_id_7e41bbab ON public.transaction_priceprotection USING btree (phone_id);


--
-- Name: transaction_priceprotection_sales_priceprotection_id_22832355; Type: INDEX; Schema: public; Owner: amakonana
--

CREATE INDEX transaction_priceprotection_sales_priceprotection_id_22832355 ON public.transaction_priceprotection_sales USING btree (priceprotection_id);


--
-- Name: transaction_priceprotection_sales_sales_id_a1e19df8; Type: INDEX; Schema: public; Owner: amakonana
--

CREATE INDEX transaction_priceprotection_sales_sales_id_a1e19df8 ON public.transaction_priceprotection_sales USING btree (sales_id);


--
-- Name: transaction_purchase_phone_id_63b0a9f1; Type: INDEX; Schema: public; Owner: amakonana
--

CREATE INDEX transaction_purchase_phone_id_63b0a9f1 ON public.transaction_purchase USING btree (phone_id);


--
-- Name: transaction_purchase_purchase_return_id_9c5ba167; Type: INDEX; Schema: public; Owner: amakonana
--

CREATE INDEX transaction_purchase_purchase_return_id_9c5ba167 ON public.transaction_purchase USING btree (purchase_return_id);


--
-- Name: transaction_purchase_purchase_transaction_id_35cc8d10; Type: INDEX; Schema: public; Owner: amakonana
--

CREATE INDEX transaction_purchase_purchase_transaction_id_35cc8d10 ON public.transaction_purchase USING btree (purchase_transaction_id);


--
-- Name: transaction_purchasereturn_branch_id_a7456e34; Type: INDEX; Schema: public; Owner: amakonana
--

CREATE INDEX transaction_purchasereturn_branch_id_a7456e34 ON public.transaction_purchasereturn USING btree (branch_id);


--
-- Name: transaction_purchasereturn_enterprise_id_28d34a30; Type: INDEX; Schema: public; Owner: amakonana
--

CREATE INDEX transaction_purchasereturn_enterprise_id_28d34a30 ON public.transaction_purchasereturn USING btree (enterprise_id);


--
-- Name: transaction_purchasereturn_purchase_transaction_id_d568290d; Type: INDEX; Schema: public; Owner: amakonana
--

CREATE INDEX transaction_purchasereturn_purchase_transaction_id_d568290d ON public.transaction_purchasereturn USING btree (purchase_transaction_id);


--
-- Name: transaction_purchasetransaction_branch_id_fca79335; Type: INDEX; Schema: public; Owner: amakonana
--

CREATE INDEX transaction_purchasetransaction_branch_id_fca79335 ON public.transaction_purchasetransaction USING btree (branch_id);


--
-- Name: transaction_purchasetransaction_enterprise_id_49f8c82b; Type: INDEX; Schema: public; Owner: amakonana
--

CREATE INDEX transaction_purchasetransaction_enterprise_id_49f8c82b ON public.transaction_purchasetransaction USING btree (enterprise_id);


--
-- Name: transaction_purchasetransaction_vendor_id_20528288; Type: INDEX; Schema: public; Owner: amakonana
--

CREATE INDEX transaction_purchasetransaction_vendor_id_20528288 ON public.transaction_purchasetransaction USING btree (vendor_id);


--
-- Name: transaction_sales_phone_id_fb72b102; Type: INDEX; Schema: public; Owner: amakonana
--

CREATE INDEX transaction_sales_phone_id_fb72b102 ON public.transaction_sales USING btree (phone_id);


--
-- Name: transaction_sales_sales_return_id_ac1a5ce0; Type: INDEX; Schema: public; Owner: amakonana
--

CREATE INDEX transaction_sales_sales_return_id_ac1a5ce0 ON public.transaction_sales USING btree (sales_return_id);


--
-- Name: transaction_sales_sales_transaction_id_a63eb65d; Type: INDEX; Schema: public; Owner: amakonana
--

CREATE INDEX transaction_sales_sales_transaction_id_a63eb65d ON public.transaction_sales USING btree (sales_transaction_id);


--
-- Name: transaction_salesreturn_branch_id_9f447855; Type: INDEX; Schema: public; Owner: amakonana
--

CREATE INDEX transaction_salesreturn_branch_id_9f447855 ON public.transaction_salesreturn USING btree (branch_id);


--
-- Name: transaction_salesreturn_enterprise_id_fcce63be; Type: INDEX; Schema: public; Owner: amakonana
--

CREATE INDEX transaction_salesreturn_enterprise_id_fcce63be ON public.transaction_salesreturn USING btree (enterprise_id);


--
-- Name: transaction_salesreturn_sales_transaction_id_814dc67d; Type: INDEX; Schema: public; Owner: amakonana
--

CREATE INDEX transaction_salesreturn_sales_transaction_id_814dc67d ON public.transaction_salesreturn USING btree (sales_transaction_id);


--
-- Name: transaction_salestransaction_branch_id_261d5b24; Type: INDEX; Schema: public; Owner: amakonana
--

CREATE INDEX transaction_salestransaction_branch_id_261d5b24 ON public.transaction_salestransaction USING btree (branch_id);


--
-- Name: transaction_salestransaction_debtor_id_2b18d02d; Type: INDEX; Schema: public; Owner: amakonana
--

CREATE INDEX transaction_salestransaction_debtor_id_2b18d02d ON public.transaction_salestransaction USING btree (debtor_id);


--
-- Name: transaction_salestransaction_emi_debtor_id_03e587f1; Type: INDEX; Schema: public; Owner: amakonana
--

CREATE INDEX transaction_salestransaction_emi_debtor_id_03e587f1 ON public.transaction_salestransaction USING btree (emi_debtor_id);


--
-- Name: transaction_salestransaction_enterprise_id_3cc11c79; Type: INDEX; Schema: public; Owner: amakonana
--

CREATE INDEX transaction_salestransaction_enterprise_id_3cc11c79 ON public.transaction_salestransaction USING btree (enterprise_id);


--
-- Name: transaction_scheme_branch_id_524f63c3; Type: INDEX; Schema: public; Owner: amakonana
--

CREATE INDEX transaction_scheme_branch_id_524f63c3 ON public.transaction_scheme USING btree (branch_id);


--
-- Name: transaction_scheme_brand_id_d6e5a80b; Type: INDEX; Schema: public; Owner: amakonana
--

CREATE INDEX transaction_scheme_brand_id_d6e5a80b ON public.transaction_scheme USING btree (brand_id);


--
-- Name: transaction_scheme_enterprise_id_da584643; Type: INDEX; Schema: public; Owner: amakonana
--

CREATE INDEX transaction_scheme_enterprise_id_da584643 ON public.transaction_scheme USING btree (enterprise_id);


--
-- Name: transaction_scheme_phone_id_a48e8e6e; Type: INDEX; Schema: public; Owner: amakonana
--

CREATE INDEX transaction_scheme_phone_id_a48e8e6e ON public.transaction_scheme USING btree (phone_id);


--
-- Name: transaction_scheme_sales_sales_id_11df9457; Type: INDEX; Schema: public; Owner: amakonana
--

CREATE INDEX transaction_scheme_sales_sales_id_11df9457 ON public.transaction_scheme_sales USING btree (sales_id);


--
-- Name: transaction_scheme_sales_scheme_id_66487a4c; Type: INDEX; Schema: public; Owner: amakonana
--

CREATE INDEX transaction_scheme_sales_scheme_id_66487a4c ON public.transaction_scheme_sales USING btree (scheme_id);


--
-- Name: transaction_subscheme_scheme_id_e96c62e0; Type: INDEX; Schema: public; Owner: amakonana
--

CREATE INDEX transaction_subscheme_scheme_id_e96c62e0 ON public.transaction_subscheme USING btree (scheme_id);


--
-- Name: transaction_vendor_branch_id_fa33fbb2; Type: INDEX; Schema: public; Owner: amakonana
--

CREATE INDEX transaction_vendor_branch_id_fa33fbb2 ON public.transaction_vendor USING btree (branch_id);


--
-- Name: transaction_vendor_brand_id_70af1de3; Type: INDEX; Schema: public; Owner: amakonana
--

CREATE INDEX transaction_vendor_brand_id_70af1de3 ON public.transaction_vendor USING btree (brand_id);


--
-- Name: transaction_vendor_enterprise_id_04e095a4; Type: INDEX; Schema: public; Owner: amakonana
--

CREATE INDEX transaction_vendor_enterprise_id_04e095a4 ON public.transaction_vendor USING btree (enterprise_id);


--
-- Name: transaction_vendortransaction_branch_id_74760070; Type: INDEX; Schema: public; Owner: amakonana
--

CREATE INDEX transaction_vendortransaction_branch_id_74760070 ON public.transaction_vendortransaction USING btree (branch_id);


--
-- Name: transaction_vendortransaction_enterprise_id_830a2192; Type: INDEX; Schema: public; Owner: amakonana
--

CREATE INDEX transaction_vendortransaction_enterprise_id_830a2192 ON public.transaction_vendortransaction USING btree (enterprise_id);


--
-- Name: transaction_vendortransaction_purchase_transaction_id_b86d5b6c; Type: INDEX; Schema: public; Owner: amakonana
--

CREATE INDEX transaction_vendortransaction_purchase_transaction_id_b86d5b6c ON public.transaction_vendortransaction USING btree (purchase_transaction_id);


--
-- Name: transaction_vendortransaction_vendor_id_1af51316; Type: INDEX; Schema: public; Owner: amakonana
--

CREATE INDEX transaction_vendortransaction_vendor_id_1af51316 ON public.transaction_vendortransaction USING btree (vendor_id);


--
-- Name: userauth_user_email_526cefd9_like; Type: INDEX; Schema: public; Owner: amakonana
--

CREATE INDEX userauth_user_email_526cefd9_like ON public.userauth_user USING btree (email varchar_pattern_ops);


--
-- Name: userauth_user_groups_group_id_248add28; Type: INDEX; Schema: public; Owner: amakonana
--

CREATE INDEX userauth_user_groups_group_id_248add28 ON public.userauth_user_groups USING btree (group_id);


--
-- Name: userauth_user_groups_user_id_4e653733; Type: INDEX; Schema: public; Owner: amakonana
--

CREATE INDEX userauth_user_groups_user_id_4e653733 ON public.userauth_user_groups USING btree (user_id);


--
-- Name: userauth_user_user_permissions_permission_id_f1415beb; Type: INDEX; Schema: public; Owner: amakonana
--

CREATE INDEX userauth_user_user_permissions_permission_id_f1415beb ON public.userauth_user_user_permissions USING btree (permission_id);


--
-- Name: userauth_user_user_permissions_user_id_e644b2fd; Type: INDEX; Schema: public; Owner: amakonana
--

CREATE INDEX userauth_user_user_permissions_user_id_e644b2fd ON public.userauth_user_user_permissions USING btree (user_id);


--
-- Name: allinventory_brand allinventory_brand_branch_id_4539d85e_fk_enterprise_branch_id; Type: FK CONSTRAINT; Schema: public; Owner: amakonana
--

ALTER TABLE ONLY public.allinventory_brand
    ADD CONSTRAINT allinventory_brand_branch_id_4539d85e_fk_enterprise_branch_id FOREIGN KEY (branch_id) REFERENCES public.enterprise_branch(id) DEFERRABLE INITIALLY DEFERRED;


--
-- Name: allinventory_brand allinventory_brand_enterprise_id_da83b23c_fk_enterpris; Type: FK CONSTRAINT; Schema: public; Owner: amakonana
--

ALTER TABLE ONLY public.allinventory_brand
    ADD CONSTRAINT allinventory_brand_enterprise_id_da83b23c_fk_enterpris FOREIGN KEY (enterprise_id) REFERENCES public.enterprise_enterprise(id) DEFERRABLE INITIALLY DEFERRED;


--
-- Name: allinventory_manufacture allinventory_manufac_branch_id_5e379f63_fk_enterpris; Type: FK CONSTRAINT; Schema: public; Owner: amakonana
--

ALTER TABLE ONLY public.allinventory_manufacture
    ADD CONSTRAINT allinventory_manufac_branch_id_5e379f63_fk_enterpris FOREIGN KEY (branch_id) REFERENCES public.enterprise_branch(id) DEFERRABLE INITIALLY DEFERRED;


--
-- Name: allinventory_manufacture allinventory_manufac_enterprise_id_cbb7a00c_fk_enterpris; Type: FK CONSTRAINT; Schema: public; Owner: amakonana
--

ALTER TABLE ONLY public.allinventory_manufacture
    ADD CONSTRAINT allinventory_manufac_enterprise_id_cbb7a00c_fk_enterpris FOREIGN KEY (enterprise_id) REFERENCES public.enterprise_enterprise(id) DEFERRABLE INITIALLY DEFERRED;


--
-- Name: allinventory_manufactureitem allinventory_manufac_manufacture_id_cf254725_fk_allinvent; Type: FK CONSTRAINT; Schema: public; Owner: amakonana
--

ALTER TABLE ONLY public.allinventory_manufactureitem
    ADD CONSTRAINT allinventory_manufac_manufacture_id_cf254725_fk_allinvent FOREIGN KEY (manufacture_id) REFERENCES public.allinventory_manufacture(id) DEFERRABLE INITIALLY DEFERRED;


--
-- Name: allinventory_manufactureitem allinventory_manufac_product_id_843ebd07_fk_allinvent; Type: FK CONSTRAINT; Schema: public; Owner: amakonana
--

ALTER TABLE ONLY public.allinventory_manufactureitem
    ADD CONSTRAINT allinventory_manufac_product_id_843ebd07_fk_allinvent FOREIGN KEY (product_id) REFERENCES public.allinventory_product(id) DEFERRABLE INITIALLY DEFERRED;


--
-- Name: allinventory_product allinventory_product_branch_id_1f9718c8_fk_enterprise_branch_id; Type: FK CONSTRAINT; Schema: public; Owner: amakonana
--

ALTER TABLE ONLY public.allinventory_product
    ADD CONSTRAINT allinventory_product_branch_id_1f9718c8_fk_enterprise_branch_id FOREIGN KEY (branch_id) REFERENCES public.enterprise_branch(id) DEFERRABLE INITIALLY DEFERRED;


--
-- Name: allinventory_product allinventory_product_brand_id_363fce47_fk_allinventory_brand_id; Type: FK CONSTRAINT; Schema: public; Owner: amakonana
--

ALTER TABLE ONLY public.allinventory_product
    ADD CONSTRAINT allinventory_product_brand_id_363fce47_fk_allinventory_brand_id FOREIGN KEY (brand_id) REFERENCES public.allinventory_brand(id) DEFERRABLE INITIALLY DEFERRED;


--
-- Name: allinventory_product allinventory_product_enterprise_id_5d8efc84_fk_enterpris; Type: FK CONSTRAINT; Schema: public; Owner: amakonana
--

ALTER TABLE ONLY public.allinventory_product
    ADD CONSTRAINT allinventory_product_enterprise_id_5d8efc84_fk_enterpris FOREIGN KEY (enterprise_id) REFERENCES public.enterprise_enterprise(id) DEFERRABLE INITIALLY DEFERRED;


--
-- Name: allinventory_product_vendor allinventory_product_product_id_ca20a472_fk_allinvent; Type: FK CONSTRAINT; Schema: public; Owner: amakonana
--

ALTER TABLE ONLY public.allinventory_product_vendor
    ADD CONSTRAINT allinventory_product_product_id_ca20a472_fk_allinvent FOREIGN KEY (product_id) REFERENCES public.allinventory_product(id) DEFERRABLE INITIALLY DEFERRED;


--
-- Name: allinventory_product_vendor allinventory_product_vendor_id_42be6473_fk_alltransa; Type: FK CONSTRAINT; Schema: public; Owner: amakonana
--

ALTER TABLE ONLY public.allinventory_product_vendor
    ADD CONSTRAINT allinventory_product_vendor_id_42be6473_fk_alltransa FOREIGN KEY (vendor_id) REFERENCES public.alltransactions_vendor(id) DEFERRABLE INITIALLY DEFERRED;


--
-- Name: alltransactions_customer alltransactions_cust_enterprise_id_8c48f5bd_fk_enterpris; Type: FK CONSTRAINT; Schema: public; Owner: amakonana
--

ALTER TABLE ONLY public.alltransactions_customer
    ADD CONSTRAINT alltransactions_cust_enterprise_id_8c48f5bd_fk_enterpris FOREIGN KEY (enterprise_id) REFERENCES public.enterprise_enterprise(id) DEFERRABLE INITIALLY DEFERRED;


--
-- Name: alltransactions_debtortransaction alltransactions_debt_all_sales_transactio_e8c44cac_fk_alltransa; Type: FK CONSTRAINT; Schema: public; Owner: amakonana
--

ALTER TABLE ONLY public.alltransactions_debtortransaction
    ADD CONSTRAINT alltransactions_debt_all_sales_transactio_e8c44cac_fk_alltransa FOREIGN KEY (all_sales_transaction_id) REFERENCES public.alltransactions_salestransaction(id) DEFERRABLE INITIALLY DEFERRED;


--
-- Name: alltransactions_debtor alltransactions_debt_branch_id_1e812cbc_fk_enterpris; Type: FK CONSTRAINT; Schema: public; Owner: amakonana
--

ALTER TABLE ONLY public.alltransactions_debtor
    ADD CONSTRAINT alltransactions_debt_branch_id_1e812cbc_fk_enterpris FOREIGN KEY (branch_id) REFERENCES public.enterprise_branch(id) DEFERRABLE INITIALLY DEFERRED;


--
-- Name: alltransactions_debtortransaction alltransactions_debt_branch_id_27421b30_fk_enterpris; Type: FK CONSTRAINT; Schema: public; Owner: amakonana
--

ALTER TABLE ONLY public.alltransactions_debtortransaction
    ADD CONSTRAINT alltransactions_debt_branch_id_27421b30_fk_enterpris FOREIGN KEY (branch_id) REFERENCES public.enterprise_branch(id) DEFERRABLE INITIALLY DEFERRED;


--
-- Name: alltransactions_debtortransaction alltransactions_debt_debtor_id_3d68063d_fk_alltransa; Type: FK CONSTRAINT; Schema: public; Owner: amakonana
--

ALTER TABLE ONLY public.alltransactions_debtortransaction
    ADD CONSTRAINT alltransactions_debt_debtor_id_3d68063d_fk_alltransa FOREIGN KEY (debtor_id) REFERENCES public.alltransactions_debtor(id) DEFERRABLE INITIALLY DEFERRED;


--
-- Name: alltransactions_debtor alltransactions_debt_enterprise_id_9f593899_fk_enterpris; Type: FK CONSTRAINT; Schema: public; Owner: amakonana
--

ALTER TABLE ONLY public.alltransactions_debtor
    ADD CONSTRAINT alltransactions_debt_enterprise_id_9f593899_fk_enterpris FOREIGN KEY (enterprise_id) REFERENCES public.enterprise_enterprise(id) DEFERRABLE INITIALLY DEFERRED;


--
-- Name: alltransactions_debtortransaction alltransactions_debt_enterprise_id_e507a0d0_fk_enterpris; Type: FK CONSTRAINT; Schema: public; Owner: amakonana
--

ALTER TABLE ONLY public.alltransactions_debtortransaction
    ADD CONSTRAINT alltransactions_debt_enterprise_id_e507a0d0_fk_enterpris FOREIGN KEY (enterprise_id) REFERENCES public.enterprise_enterprise(id) DEFERRABLE INITIALLY DEFERRED;


--
-- Name: alltransactions_debtortransaction alltransactions_debt_sales_transaction_id_637e0262_fk_transacti; Type: FK CONSTRAINT; Schema: public; Owner: amakonana
--

ALTER TABLE ONLY public.alltransactions_debtortransaction
    ADD CONSTRAINT alltransactions_debt_sales_transaction_id_637e0262_fk_transacti FOREIGN KEY (sales_transaction_id) REFERENCES public.transaction_salestransaction(id) DEFERRABLE INITIALLY DEFERRED;


--
-- Name: alltransactions_purchasetransaction alltransactions_purc_branch_id_7e3e82cd_fk_enterpris; Type: FK CONSTRAINT; Schema: public; Owner: amakonana
--

ALTER TABLE ONLY public.alltransactions_purchasetransaction
    ADD CONSTRAINT alltransactions_purc_branch_id_7e3e82cd_fk_enterpris FOREIGN KEY (branch_id) REFERENCES public.enterprise_branch(id) DEFERRABLE INITIALLY DEFERRED;


--
-- Name: alltransactions_purchasereturn alltransactions_purc_branch_id_c78b4381_fk_enterpris; Type: FK CONSTRAINT; Schema: public; Owner: amakonana
--

ALTER TABLE ONLY public.alltransactions_purchasereturn
    ADD CONSTRAINT alltransactions_purc_branch_id_c78b4381_fk_enterpris FOREIGN KEY (branch_id) REFERENCES public.enterprise_branch(id) DEFERRABLE INITIALLY DEFERRED;


--
-- Name: alltransactions_purchasetransaction alltransactions_purc_enterprise_id_5bc49b1c_fk_enterpris; Type: FK CONSTRAINT; Schema: public; Owner: amakonana
--

ALTER TABLE ONLY public.alltransactions_purchasetransaction
    ADD CONSTRAINT alltransactions_purc_enterprise_id_5bc49b1c_fk_enterpris FOREIGN KEY (enterprise_id) REFERENCES public.enterprise_enterprise(id) DEFERRABLE INITIALLY DEFERRED;


--
-- Name: alltransactions_purchasereturn alltransactions_purc_enterprise_id_6f1b02b9_fk_enterpris; Type: FK CONSTRAINT; Schema: public; Owner: amakonana
--

ALTER TABLE ONLY public.alltransactions_purchasereturn
    ADD CONSTRAINT alltransactions_purc_enterprise_id_6f1b02b9_fk_enterpris FOREIGN KEY (enterprise_id) REFERENCES public.enterprise_enterprise(id) DEFERRABLE INITIALLY DEFERRED;


--
-- Name: alltransactions_purchase alltransactions_purc_product_id_e4d23026_fk_allinvent; Type: FK CONSTRAINT; Schema: public; Owner: amakonana
--

ALTER TABLE ONLY public.alltransactions_purchase
    ADD CONSTRAINT alltransactions_purc_product_id_e4d23026_fk_allinvent FOREIGN KEY (product_id) REFERENCES public.allinventory_product(id) DEFERRABLE INITIALLY DEFERRED;


--
-- Name: alltransactions_purchase alltransactions_purc_purchase_return_id_b32b5b3b_fk_alltransa; Type: FK CONSTRAINT; Schema: public; Owner: amakonana
--

ALTER TABLE ONLY public.alltransactions_purchase
    ADD CONSTRAINT alltransactions_purc_purchase_return_id_b32b5b3b_fk_alltransa FOREIGN KEY (purchase_return_id) REFERENCES public.alltransactions_purchasereturn(id) DEFERRABLE INITIALLY DEFERRED;


--
-- Name: alltransactions_purchasereturn alltransactions_purc_purchase_transaction_034116d6_fk_alltransa; Type: FK CONSTRAINT; Schema: public; Owner: amakonana
--

ALTER TABLE ONLY public.alltransactions_purchasereturn
    ADD CONSTRAINT alltransactions_purc_purchase_transaction_034116d6_fk_alltransa FOREIGN KEY (purchase_transaction_id) REFERENCES public.alltransactions_purchasetransaction(id) DEFERRABLE INITIALLY DEFERRED;


--
-- Name: alltransactions_purchase alltransactions_purc_purchase_transaction_8e3ffa0e_fk_alltransa; Type: FK CONSTRAINT; Schema: public; Owner: amakonana
--

ALTER TABLE ONLY public.alltransactions_purchase
    ADD CONSTRAINT alltransactions_purc_purchase_transaction_8e3ffa0e_fk_alltransa FOREIGN KEY (purchase_transaction_id) REFERENCES public.alltransactions_purchasetransaction(id) DEFERRABLE INITIALLY DEFERRED;


--
-- Name: alltransactions_purchasetransaction alltransactions_purc_vendor_id_dd7108fc_fk_alltransa; Type: FK CONSTRAINT; Schema: public; Owner: amakonana
--

ALTER TABLE ONLY public.alltransactions_purchasetransaction
    ADD CONSTRAINT alltransactions_purc_vendor_id_dd7108fc_fk_alltransa FOREIGN KEY (vendor_id) REFERENCES public.alltransactions_vendor(id) DEFERRABLE INITIALLY DEFERRED;


--
-- Name: alltransactions_salesreturn alltransactions_sale_branch_id_56a36be4_fk_enterpris; Type: FK CONSTRAINT; Schema: public; Owner: amakonana
--

ALTER TABLE ONLY public.alltransactions_salesreturn
    ADD CONSTRAINT alltransactions_sale_branch_id_56a36be4_fk_enterpris FOREIGN KEY (branch_id) REFERENCES public.enterprise_branch(id) DEFERRABLE INITIALLY DEFERRED;


--
-- Name: alltransactions_salestransaction alltransactions_sale_branch_id_67f8223d_fk_enterpris; Type: FK CONSTRAINT; Schema: public; Owner: amakonana
--

ALTER TABLE ONLY public.alltransactions_salestransaction
    ADD CONSTRAINT alltransactions_sale_branch_id_67f8223d_fk_enterpris FOREIGN KEY (branch_id) REFERENCES public.enterprise_branch(id) DEFERRABLE INITIALLY DEFERRED;


--
-- Name: alltransactions_salestransaction alltransactions_sale_debtor_id_c8addb3b_fk_alltransa; Type: FK CONSTRAINT; Schema: public; Owner: amakonana
--

ALTER TABLE ONLY public.alltransactions_salestransaction
    ADD CONSTRAINT alltransactions_sale_debtor_id_c8addb3b_fk_alltransa FOREIGN KEY (debtor_id) REFERENCES public.alltransactions_debtor(id) DEFERRABLE INITIALLY DEFERRED;


--
-- Name: alltransactions_salestransaction alltransactions_sale_enterprise_id_dc6fd740_fk_enterpris; Type: FK CONSTRAINT; Schema: public; Owner: amakonana
--

ALTER TABLE ONLY public.alltransactions_salestransaction
    ADD CONSTRAINT alltransactions_sale_enterprise_id_dc6fd740_fk_enterpris FOREIGN KEY (enterprise_id) REFERENCES public.enterprise_enterprise(id) DEFERRABLE INITIALLY DEFERRED;


--
-- Name: alltransactions_salesreturn alltransactions_sale_enterprise_id_f74164fa_fk_enterpris; Type: FK CONSTRAINT; Schema: public; Owner: amakonana
--

ALTER TABLE ONLY public.alltransactions_salesreturn
    ADD CONSTRAINT alltransactions_sale_enterprise_id_f74164fa_fk_enterpris FOREIGN KEY (enterprise_id) REFERENCES public.enterprise_enterprise(id) DEFERRABLE INITIALLY DEFERRED;


--
-- Name: alltransactions_sales alltransactions_sale_product_id_7ba18a76_fk_allinvent; Type: FK CONSTRAINT; Schema: public; Owner: amakonana
--

ALTER TABLE ONLY public.alltransactions_sales
    ADD CONSTRAINT alltransactions_sale_product_id_7ba18a76_fk_allinvent FOREIGN KEY (product_id) REFERENCES public.allinventory_product(id) DEFERRABLE INITIALLY DEFERRED;


--
-- Name: alltransactions_sales alltransactions_sale_sales_return_id_1d4c0048_fk_alltransa; Type: FK CONSTRAINT; Schema: public; Owner: amakonana
--

ALTER TABLE ONLY public.alltransactions_sales
    ADD CONSTRAINT alltransactions_sale_sales_return_id_1d4c0048_fk_alltransa FOREIGN KEY (sales_return_id) REFERENCES public.alltransactions_salesreturn(id) DEFERRABLE INITIALLY DEFERRED;


--
-- Name: alltransactions_salesreturn alltransactions_sale_sales_transaction_id_36994422_fk_alltransa; Type: FK CONSTRAINT; Schema: public; Owner: amakonana
--

ALTER TABLE ONLY public.alltransactions_salesreturn
    ADD CONSTRAINT alltransactions_sale_sales_transaction_id_36994422_fk_alltransa FOREIGN KEY (sales_transaction_id) REFERENCES public.alltransactions_salestransaction(id) DEFERRABLE INITIALLY DEFERRED;


--
-- Name: alltransactions_sales alltransactions_sale_sales_transaction_id_ec0f7304_fk_alltransa; Type: FK CONSTRAINT; Schema: public; Owner: amakonana
--

ALTER TABLE ONLY public.alltransactions_sales
    ADD CONSTRAINT alltransactions_sale_sales_transaction_id_ec0f7304_fk_alltransa FOREIGN KEY (sales_transaction_id) REFERENCES public.alltransactions_salestransaction(id) DEFERRABLE INITIALLY DEFERRED;


--
-- Name: alltransactions_stafftransactions alltransactions_staf_branch_id_2be48122_fk_enterpris; Type: FK CONSTRAINT; Schema: public; Owner: amakonana
--

ALTER TABLE ONLY public.alltransactions_stafftransactions
    ADD CONSTRAINT alltransactions_staf_branch_id_2be48122_fk_enterpris FOREIGN KEY (branch_id) REFERENCES public.enterprise_branch(id) DEFERRABLE INITIALLY DEFERRED;


--
-- Name: alltransactions_staff alltransactions_staf_branch_id_dfe4e348_fk_enterpris; Type: FK CONSTRAINT; Schema: public; Owner: amakonana
--

ALTER TABLE ONLY public.alltransactions_staff
    ADD CONSTRAINT alltransactions_staf_branch_id_dfe4e348_fk_enterpris FOREIGN KEY (branch_id) REFERENCES public.enterprise_branch(id) DEFERRABLE INITIALLY DEFERRED;


--
-- Name: alltransactions_staff alltransactions_staf_enterprise_id_16eadc4d_fk_enterpris; Type: FK CONSTRAINT; Schema: public; Owner: amakonana
--

ALTER TABLE ONLY public.alltransactions_staff
    ADD CONSTRAINT alltransactions_staf_enterprise_id_16eadc4d_fk_enterpris FOREIGN KEY (enterprise_id) REFERENCES public.enterprise_enterprise(id) DEFERRABLE INITIALLY DEFERRED;


--
-- Name: alltransactions_stafftransactions alltransactions_staf_enterprise_id_2d4612cf_fk_enterpris; Type: FK CONSTRAINT; Schema: public; Owner: amakonana
--

ALTER TABLE ONLY public.alltransactions_stafftransactions
    ADD CONSTRAINT alltransactions_staf_enterprise_id_2d4612cf_fk_enterpris FOREIGN KEY (enterprise_id) REFERENCES public.enterprise_enterprise(id) DEFERRABLE INITIALLY DEFERRED;


--
-- Name: alltransactions_stafftransactions alltransactions_staf_staff_id_b58dd31b_fk_alltransa; Type: FK CONSTRAINT; Schema: public; Owner: amakonana
--

ALTER TABLE ONLY public.alltransactions_stafftransactions
    ADD CONSTRAINT alltransactions_staf_staff_id_b58dd31b_fk_alltransa FOREIGN KEY (staff_id) REFERENCES public.alltransactions_staff(id) DEFERRABLE INITIALLY DEFERRED;


--
-- Name: alltransactions_vendortransactions alltransactions_vend_branch_id_332c392f_fk_enterpris; Type: FK CONSTRAINT; Schema: public; Owner: amakonana
--

ALTER TABLE ONLY public.alltransactions_vendortransactions
    ADD CONSTRAINT alltransactions_vend_branch_id_332c392f_fk_enterpris FOREIGN KEY (branch_id) REFERENCES public.enterprise_branch(id) DEFERRABLE INITIALLY DEFERRED;


--
-- Name: alltransactions_vendor alltransactions_vend_branch_id_4d010710_fk_enterpris; Type: FK CONSTRAINT; Schema: public; Owner: amakonana
--

ALTER TABLE ONLY public.alltransactions_vendor
    ADD CONSTRAINT alltransactions_vend_branch_id_4d010710_fk_enterpris FOREIGN KEY (branch_id) REFERENCES public.enterprise_branch(id) DEFERRABLE INITIALLY DEFERRED;


--
-- Name: alltransactions_vendortransactions alltransactions_vend_enterprise_id_25305b7d_fk_enterpris; Type: FK CONSTRAINT; Schema: public; Owner: amakonana
--

ALTER TABLE ONLY public.alltransactions_vendortransactions
    ADD CONSTRAINT alltransactions_vend_enterprise_id_25305b7d_fk_enterpris FOREIGN KEY (enterprise_id) REFERENCES public.enterprise_enterprise(id) DEFERRABLE INITIALLY DEFERRED;


--
-- Name: alltransactions_vendor alltransactions_vend_enterprise_id_95e7d9cf_fk_enterpris; Type: FK CONSTRAINT; Schema: public; Owner: amakonana
--

ALTER TABLE ONLY public.alltransactions_vendor
    ADD CONSTRAINT alltransactions_vend_enterprise_id_95e7d9cf_fk_enterpris FOREIGN KEY (enterprise_id) REFERENCES public.enterprise_enterprise(id) DEFERRABLE INITIALLY DEFERRED;


--
-- Name: alltransactions_vendortransactions alltransactions_vend_purchase_transaction_4343df62_fk_alltransa; Type: FK CONSTRAINT; Schema: public; Owner: amakonana
--

ALTER TABLE ONLY public.alltransactions_vendortransactions
    ADD CONSTRAINT alltransactions_vend_purchase_transaction_4343df62_fk_alltransa FOREIGN KEY (purchase_transaction_id) REFERENCES public.alltransactions_purchasetransaction(id) DEFERRABLE INITIALLY DEFERRED;


--
-- Name: alltransactions_vendortransactions alltransactions_vend_vendor_id_123c386d_fk_alltransa; Type: FK CONSTRAINT; Schema: public; Owner: amakonana
--

ALTER TABLE ONLY public.alltransactions_vendortransactions
    ADD CONSTRAINT alltransactions_vend_vendor_id_123c386d_fk_alltransa FOREIGN KEY (vendor_id) REFERENCES public.alltransactions_vendor(id) DEFERRABLE INITIALLY DEFERRED;


--
-- Name: auth_group_permissions auth_group_permissio_permission_id_84c5c92e_fk_auth_perm; Type: FK CONSTRAINT; Schema: public; Owner: amakonana
--

ALTER TABLE ONLY public.auth_group_permissions
    ADD CONSTRAINT auth_group_permissio_permission_id_84c5c92e_fk_auth_perm FOREIGN KEY (permission_id) REFERENCES public.auth_permission(id) DEFERRABLE INITIALLY DEFERRED;


--
-- Name: auth_group_permissions auth_group_permissions_group_id_b120cbf9_fk_auth_group_id; Type: FK CONSTRAINT; Schema: public; Owner: amakonana
--

ALTER TABLE ONLY public.auth_group_permissions
    ADD CONSTRAINT auth_group_permissions_group_id_b120cbf9_fk_auth_group_id FOREIGN KEY (group_id) REFERENCES public.auth_group(id) DEFERRABLE INITIALLY DEFERRED;


--
-- Name: auth_permission auth_permission_content_type_id_2f476e4b_fk_django_co; Type: FK CONSTRAINT; Schema: public; Owner: amakonana
--

ALTER TABLE ONLY public.auth_permission
    ADD CONSTRAINT auth_permission_content_type_id_2f476e4b_fk_django_co FOREIGN KEY (content_type_id) REFERENCES public.django_content_type(id) DEFERRABLE INITIALLY DEFERRED;


--
-- Name: django_admin_log django_admin_log_content_type_id_c4bce8eb_fk_django_co; Type: FK CONSTRAINT; Schema: public; Owner: amakonana
--

ALTER TABLE ONLY public.django_admin_log
    ADD CONSTRAINT django_admin_log_content_type_id_c4bce8eb_fk_django_co FOREIGN KEY (content_type_id) REFERENCES public.django_content_type(id) DEFERRABLE INITIALLY DEFERRED;


--
-- Name: django_admin_log django_admin_log_user_id_c564eba6_fk_userauth_user_id; Type: FK CONSTRAINT; Schema: public; Owner: amakonana
--

ALTER TABLE ONLY public.django_admin_log
    ADD CONSTRAINT django_admin_log_user_id_c564eba6_fk_userauth_user_id FOREIGN KEY (user_id) REFERENCES public.userauth_user(id) DEFERRABLE INITIALLY DEFERRED;


--
-- Name: enterprise_branch enterprise_branch_enterprise_id_b6875737_fk_enterpris; Type: FK CONSTRAINT; Schema: public; Owner: amakonana
--

ALTER TABLE ONLY public.enterprise_branch
    ADD CONSTRAINT enterprise_branch_enterprise_id_b6875737_fk_enterpris FOREIGN KEY (enterprise_id) REFERENCES public.enterprise_enterprise(id) DEFERRABLE INITIALLY DEFERRED;


--
-- Name: enterprise_person enterprise_person_branch_id_faa882df_fk_enterprise_branch_id; Type: FK CONSTRAINT; Schema: public; Owner: amakonana
--

ALTER TABLE ONLY public.enterprise_person
    ADD CONSTRAINT enterprise_person_branch_id_faa882df_fk_enterprise_branch_id FOREIGN KEY (branch_id) REFERENCES public.enterprise_branch(id) DEFERRABLE INITIALLY DEFERRED;


--
-- Name: enterprise_person enterprise_person_enterprise_id_fe63ae23_fk_enterpris; Type: FK CONSTRAINT; Schema: public; Owner: amakonana
--

ALTER TABLE ONLY public.enterprise_person
    ADD CONSTRAINT enterprise_person_enterprise_id_fe63ae23_fk_enterpris FOREIGN KEY (enterprise_id) REFERENCES public.enterprise_enterprise(id) DEFERRABLE INITIALLY DEFERRED;


--
-- Name: enterprise_person enterprise_person_user_id_98222e94_fk_userauth_user_id; Type: FK CONSTRAINT; Schema: public; Owner: amakonana
--

ALTER TABLE ONLY public.enterprise_person
    ADD CONSTRAINT enterprise_person_user_id_98222e94_fk_userauth_user_id FOREIGN KEY (user_id) REFERENCES public.userauth_user(id) DEFERRABLE INITIALLY DEFERRED;


--
-- Name: inventory_brand inventory_brand_branch_id_79d640a1_fk_enterprise_branch_id; Type: FK CONSTRAINT; Schema: public; Owner: amakonana
--

ALTER TABLE ONLY public.inventory_brand
    ADD CONSTRAINT inventory_brand_branch_id_79d640a1_fk_enterprise_branch_id FOREIGN KEY (branch_id) REFERENCES public.enterprise_branch(id) DEFERRABLE INITIALLY DEFERRED;


--
-- Name: inventory_brand inventory_brand_enterprise_id_6aae5c43_fk_enterpris; Type: FK CONSTRAINT; Schema: public; Owner: amakonana
--

ALTER TABLE ONLY public.inventory_brand
    ADD CONSTRAINT inventory_brand_enterprise_id_6aae5c43_fk_enterpris FOREIGN KEY (enterprise_id) REFERENCES public.enterprise_enterprise(id) DEFERRABLE INITIALLY DEFERRED;


--
-- Name: inventory_item inventory_item_phone_id_2a2f2c69_fk_inventory_phone_id; Type: FK CONSTRAINT; Schema: public; Owner: amakonana
--

ALTER TABLE ONLY public.inventory_item
    ADD CONSTRAINT inventory_item_phone_id_2a2f2c69_fk_inventory_phone_id FOREIGN KEY (phone_id) REFERENCES public.inventory_phone(id) DEFERRABLE INITIALLY DEFERRED;


--
-- Name: inventory_phone inventory_phone_branch_id_195ba17a_fk_enterprise_branch_id; Type: FK CONSTRAINT; Schema: public; Owner: amakonana
--

ALTER TABLE ONLY public.inventory_phone
    ADD CONSTRAINT inventory_phone_branch_id_195ba17a_fk_enterprise_branch_id FOREIGN KEY (branch_id) REFERENCES public.enterprise_branch(id) DEFERRABLE INITIALLY DEFERRED;


--
-- Name: inventory_phone inventory_phone_brand_id_92217861_fk_inventory_brand_id; Type: FK CONSTRAINT; Schema: public; Owner: amakonana
--

ALTER TABLE ONLY public.inventory_phone
    ADD CONSTRAINT inventory_phone_brand_id_92217861_fk_inventory_brand_id FOREIGN KEY (brand_id) REFERENCES public.inventory_brand(id) DEFERRABLE INITIALLY DEFERRED;


--
-- Name: inventory_phone inventory_phone_enterprise_id_3661edd6_fk_enterpris; Type: FK CONSTRAINT; Schema: public; Owner: amakonana
--

ALTER TABLE ONLY public.inventory_phone
    ADD CONSTRAINT inventory_phone_enterprise_id_3661edd6_fk_enterpris FOREIGN KEY (enterprise_id) REFERENCES public.enterprise_enterprise(id) DEFERRABLE INITIALLY DEFERRED;


--
-- Name: transaction_emidebtortransaction transaction_emidebto_branch_id_4e89d202_fk_enterpris; Type: FK CONSTRAINT; Schema: public; Owner: amakonana
--

ALTER TABLE ONLY public.transaction_emidebtortransaction
    ADD CONSTRAINT transaction_emidebto_branch_id_4e89d202_fk_enterpris FOREIGN KEY (branch_id) REFERENCES public.enterprise_branch(id) DEFERRABLE INITIALLY DEFERRED;


--
-- Name: transaction_emidebtor transaction_emidebto_branch_id_be1d9bcf_fk_enterpris; Type: FK CONSTRAINT; Schema: public; Owner: amakonana
--

ALTER TABLE ONLY public.transaction_emidebtor
    ADD CONSTRAINT transaction_emidebto_branch_id_be1d9bcf_fk_enterpris FOREIGN KEY (branch_id) REFERENCES public.enterprise_branch(id) DEFERRABLE INITIALLY DEFERRED;


--
-- Name: transaction_emidebtortransaction transaction_emidebto_debtor_id_581c443a_fk_transacti; Type: FK CONSTRAINT; Schema: public; Owner: amakonana
--

ALTER TABLE ONLY public.transaction_emidebtortransaction
    ADD CONSTRAINT transaction_emidebto_debtor_id_581c443a_fk_transacti FOREIGN KEY (debtor_id) REFERENCES public.transaction_emidebtor(id) DEFERRABLE INITIALLY DEFERRED;


--
-- Name: transaction_emidebtor transaction_emidebto_enterprise_id_6d6cb270_fk_enterpris; Type: FK CONSTRAINT; Schema: public; Owner: amakonana
--

ALTER TABLE ONLY public.transaction_emidebtor
    ADD CONSTRAINT transaction_emidebto_enterprise_id_6d6cb270_fk_enterpris FOREIGN KEY (enterprise_id) REFERENCES public.enterprise_enterprise(id) DEFERRABLE INITIALLY DEFERRED;


--
-- Name: transaction_emidebtortransaction transaction_emidebto_enterprise_id_c094068f_fk_enterpris; Type: FK CONSTRAINT; Schema: public; Owner: amakonana
--

ALTER TABLE ONLY public.transaction_emidebtortransaction
    ADD CONSTRAINT transaction_emidebto_enterprise_id_c094068f_fk_enterpris FOREIGN KEY (enterprise_id) REFERENCES public.enterprise_enterprise(id) DEFERRABLE INITIALLY DEFERRED;


--
-- Name: transaction_emidebtortransaction transaction_emidebto_sales_transaction_id_8bb6f44b_fk_transacti; Type: FK CONSTRAINT; Schema: public; Owner: amakonana
--

ALTER TABLE ONLY public.transaction_emidebtortransaction
    ADD CONSTRAINT transaction_emidebto_sales_transaction_id_8bb6f44b_fk_transacti FOREIGN KEY (sales_transaction_id) REFERENCES public.transaction_salestransaction(id) DEFERRABLE INITIALLY DEFERRED;


--
-- Name: transaction_emidebtor transaction_emidebtor_brand_id_cd87406a_fk_inventory_brand_id; Type: FK CONSTRAINT; Schema: public; Owner: amakonana
--

ALTER TABLE ONLY public.transaction_emidebtor
    ADD CONSTRAINT transaction_emidebtor_brand_id_cd87406a_fk_inventory_brand_id FOREIGN KEY (brand_id) REFERENCES public.inventory_brand(id) DEFERRABLE INITIALLY DEFERRED;


--
-- Name: transaction_ppitems transaction_ppitems_phone_id_1cafda7c_fk_inventory_phone_id; Type: FK CONSTRAINT; Schema: public; Owner: amakonana
--

ALTER TABLE ONLY public.transaction_ppitems
    ADD CONSTRAINT transaction_ppitems_phone_id_1cafda7c_fk_inventory_phone_id FOREIGN KEY (phone_id) REFERENCES public.inventory_phone(id) DEFERRABLE INITIALLY DEFERRED;


--
-- Name: transaction_ppitems transaction_ppitems_pp_id_9c4becaa_fk_transacti; Type: FK CONSTRAINT; Schema: public; Owner: amakonana
--

ALTER TABLE ONLY public.transaction_ppitems
    ADD CONSTRAINT transaction_ppitems_pp_id_9c4becaa_fk_transacti FOREIGN KEY (pp_id) REFERENCES public.transaction_priceprotection(id) DEFERRABLE INITIALLY DEFERRED;


--
-- Name: transaction_priceprotection transaction_pricepro_branch_id_c81d8a5a_fk_enterpris; Type: FK CONSTRAINT; Schema: public; Owner: amakonana
--

ALTER TABLE ONLY public.transaction_priceprotection
    ADD CONSTRAINT transaction_pricepro_branch_id_c81d8a5a_fk_enterpris FOREIGN KEY (branch_id) REFERENCES public.enterprise_branch(id) DEFERRABLE INITIALLY DEFERRED;


--
-- Name: transaction_priceprotection transaction_pricepro_brand_id_4f6208c3_fk_inventory; Type: FK CONSTRAINT; Schema: public; Owner: amakonana
--

ALTER TABLE ONLY public.transaction_priceprotection
    ADD CONSTRAINT transaction_pricepro_brand_id_4f6208c3_fk_inventory FOREIGN KEY (brand_id) REFERENCES public.inventory_brand(id) DEFERRABLE INITIALLY DEFERRED;


--
-- Name: transaction_priceprotection transaction_pricepro_enterprise_id_c4e5d4d4_fk_enterpris; Type: FK CONSTRAINT; Schema: public; Owner: amakonana
--

ALTER TABLE ONLY public.transaction_priceprotection
    ADD CONSTRAINT transaction_pricepro_enterprise_id_c4e5d4d4_fk_enterpris FOREIGN KEY (enterprise_id) REFERENCES public.enterprise_enterprise(id) DEFERRABLE INITIALLY DEFERRED;


--
-- Name: transaction_priceprotection transaction_pricepro_phone_id_7e41bbab_fk_inventory; Type: FK CONSTRAINT; Schema: public; Owner: amakonana
--

ALTER TABLE ONLY public.transaction_priceprotection
    ADD CONSTRAINT transaction_pricepro_phone_id_7e41bbab_fk_inventory FOREIGN KEY (phone_id) REFERENCES public.inventory_phone(id) DEFERRABLE INITIALLY DEFERRED;


--
-- Name: transaction_priceprotection_sales transaction_pricepro_priceprotection_id_22832355_fk_transacti; Type: FK CONSTRAINT; Schema: public; Owner: amakonana
--

ALTER TABLE ONLY public.transaction_priceprotection_sales
    ADD CONSTRAINT transaction_pricepro_priceprotection_id_22832355_fk_transacti FOREIGN KEY (priceprotection_id) REFERENCES public.transaction_priceprotection(id) DEFERRABLE INITIALLY DEFERRED;


--
-- Name: transaction_priceprotection_sales transaction_pricepro_sales_id_a1e19df8_fk_transacti; Type: FK CONSTRAINT; Schema: public; Owner: amakonana
--

ALTER TABLE ONLY public.transaction_priceprotection_sales
    ADD CONSTRAINT transaction_pricepro_sales_id_a1e19df8_fk_transacti FOREIGN KEY (sales_id) REFERENCES public.transaction_sales(id) DEFERRABLE INITIALLY DEFERRED;


--
-- Name: transaction_purchasereturn transaction_purchase_branch_id_a7456e34_fk_enterpris; Type: FK CONSTRAINT; Schema: public; Owner: amakonana
--

ALTER TABLE ONLY public.transaction_purchasereturn
    ADD CONSTRAINT transaction_purchase_branch_id_a7456e34_fk_enterpris FOREIGN KEY (branch_id) REFERENCES public.enterprise_branch(id) DEFERRABLE INITIALLY DEFERRED;


--
-- Name: transaction_purchasetransaction transaction_purchase_branch_id_fca79335_fk_enterpris; Type: FK CONSTRAINT; Schema: public; Owner: amakonana
--

ALTER TABLE ONLY public.transaction_purchasetransaction
    ADD CONSTRAINT transaction_purchase_branch_id_fca79335_fk_enterpris FOREIGN KEY (branch_id) REFERENCES public.enterprise_branch(id) DEFERRABLE INITIALLY DEFERRED;


--
-- Name: transaction_purchasereturn transaction_purchase_enterprise_id_28d34a30_fk_enterpris; Type: FK CONSTRAINT; Schema: public; Owner: amakonana
--

ALTER TABLE ONLY public.transaction_purchasereturn
    ADD CONSTRAINT transaction_purchase_enterprise_id_28d34a30_fk_enterpris FOREIGN KEY (enterprise_id) REFERENCES public.enterprise_enterprise(id) DEFERRABLE INITIALLY DEFERRED;


--
-- Name: transaction_purchasetransaction transaction_purchase_enterprise_id_49f8c82b_fk_enterpris; Type: FK CONSTRAINT; Schema: public; Owner: amakonana
--

ALTER TABLE ONLY public.transaction_purchasetransaction
    ADD CONSTRAINT transaction_purchase_enterprise_id_49f8c82b_fk_enterpris FOREIGN KEY (enterprise_id) REFERENCES public.enterprise_enterprise(id) DEFERRABLE INITIALLY DEFERRED;


--
-- Name: transaction_purchase transaction_purchase_phone_id_63b0a9f1_fk_inventory_phone_id; Type: FK CONSTRAINT; Schema: public; Owner: amakonana
--

ALTER TABLE ONLY public.transaction_purchase
    ADD CONSTRAINT transaction_purchase_phone_id_63b0a9f1_fk_inventory_phone_id FOREIGN KEY (phone_id) REFERENCES public.inventory_phone(id) DEFERRABLE INITIALLY DEFERRED;


--
-- Name: transaction_purchase transaction_purchase_purchase_return_id_9c5ba167_fk_transacti; Type: FK CONSTRAINT; Schema: public; Owner: amakonana
--

ALTER TABLE ONLY public.transaction_purchase
    ADD CONSTRAINT transaction_purchase_purchase_return_id_9c5ba167_fk_transacti FOREIGN KEY (purchase_return_id) REFERENCES public.transaction_purchasereturn(id) DEFERRABLE INITIALLY DEFERRED;


--
-- Name: transaction_purchase transaction_purchase_purchase_transaction_35cc8d10_fk_transacti; Type: FK CONSTRAINT; Schema: public; Owner: amakonana
--

ALTER TABLE ONLY public.transaction_purchase
    ADD CONSTRAINT transaction_purchase_purchase_transaction_35cc8d10_fk_transacti FOREIGN KEY (purchase_transaction_id) REFERENCES public.transaction_purchasetransaction(id) DEFERRABLE INITIALLY DEFERRED;


--
-- Name: transaction_purchasereturn transaction_purchase_purchase_transaction_d568290d_fk_transacti; Type: FK CONSTRAINT; Schema: public; Owner: amakonana
--

ALTER TABLE ONLY public.transaction_purchasereturn
    ADD CONSTRAINT transaction_purchase_purchase_transaction_d568290d_fk_transacti FOREIGN KEY (purchase_transaction_id) REFERENCES public.transaction_purchasetransaction(id) DEFERRABLE INITIALLY DEFERRED;


--
-- Name: transaction_purchasetransaction transaction_purchase_vendor_id_20528288_fk_transacti; Type: FK CONSTRAINT; Schema: public; Owner: amakonana
--

ALTER TABLE ONLY public.transaction_purchasetransaction
    ADD CONSTRAINT transaction_purchase_vendor_id_20528288_fk_transacti FOREIGN KEY (vendor_id) REFERENCES public.transaction_vendor(id) DEFERRABLE INITIALLY DEFERRED;


--
-- Name: transaction_sales transaction_sales_phone_id_fb72b102_fk_inventory_phone_id; Type: FK CONSTRAINT; Schema: public; Owner: amakonana
--

ALTER TABLE ONLY public.transaction_sales
    ADD CONSTRAINT transaction_sales_phone_id_fb72b102_fk_inventory_phone_id FOREIGN KEY (phone_id) REFERENCES public.inventory_phone(id) DEFERRABLE INITIALLY DEFERRED;


--
-- Name: transaction_sales transaction_sales_sales_return_id_ac1a5ce0_fk_transacti; Type: FK CONSTRAINT; Schema: public; Owner: amakonana
--

ALTER TABLE ONLY public.transaction_sales
    ADD CONSTRAINT transaction_sales_sales_return_id_ac1a5ce0_fk_transacti FOREIGN KEY (sales_return_id) REFERENCES public.transaction_salesreturn(id) DEFERRABLE INITIALLY DEFERRED;


--
-- Name: transaction_sales transaction_sales_sales_transaction_id_a63eb65d_fk_transacti; Type: FK CONSTRAINT; Schema: public; Owner: amakonana
--

ALTER TABLE ONLY public.transaction_sales
    ADD CONSTRAINT transaction_sales_sales_transaction_id_a63eb65d_fk_transacti FOREIGN KEY (sales_transaction_id) REFERENCES public.transaction_salestransaction(id) DEFERRABLE INITIALLY DEFERRED;


--
-- Name: transaction_salesreturn transaction_salesret_branch_id_9f447855_fk_enterpris; Type: FK CONSTRAINT; Schema: public; Owner: amakonana
--

ALTER TABLE ONLY public.transaction_salesreturn
    ADD CONSTRAINT transaction_salesret_branch_id_9f447855_fk_enterpris FOREIGN KEY (branch_id) REFERENCES public.enterprise_branch(id) DEFERRABLE INITIALLY DEFERRED;


--
-- Name: transaction_salesreturn transaction_salesret_enterprise_id_fcce63be_fk_enterpris; Type: FK CONSTRAINT; Schema: public; Owner: amakonana
--

ALTER TABLE ONLY public.transaction_salesreturn
    ADD CONSTRAINT transaction_salesret_enterprise_id_fcce63be_fk_enterpris FOREIGN KEY (enterprise_id) REFERENCES public.enterprise_enterprise(id) DEFERRABLE INITIALLY DEFERRED;


--
-- Name: transaction_salesreturn transaction_salesret_sales_transaction_id_814dc67d_fk_transacti; Type: FK CONSTRAINT; Schema: public; Owner: amakonana
--

ALTER TABLE ONLY public.transaction_salesreturn
    ADD CONSTRAINT transaction_salesret_sales_transaction_id_814dc67d_fk_transacti FOREIGN KEY (sales_transaction_id) REFERENCES public.transaction_salestransaction(id) DEFERRABLE INITIALLY DEFERRED;


--
-- Name: transaction_salestransaction transaction_salestra_branch_id_261d5b24_fk_enterpris; Type: FK CONSTRAINT; Schema: public; Owner: amakonana
--

ALTER TABLE ONLY public.transaction_salestransaction
    ADD CONSTRAINT transaction_salestra_branch_id_261d5b24_fk_enterpris FOREIGN KEY (branch_id) REFERENCES public.enterprise_branch(id) DEFERRABLE INITIALLY DEFERRED;


--
-- Name: transaction_salestransaction transaction_salestra_debtor_id_2b18d02d_fk_alltransa; Type: FK CONSTRAINT; Schema: public; Owner: amakonana
--

ALTER TABLE ONLY public.transaction_salestransaction
    ADD CONSTRAINT transaction_salestra_debtor_id_2b18d02d_fk_alltransa FOREIGN KEY (debtor_id) REFERENCES public.alltransactions_debtor(id) DEFERRABLE INITIALLY DEFERRED;


--
-- Name: transaction_salestransaction transaction_salestra_emi_debtor_id_03e587f1_fk_transacti; Type: FK CONSTRAINT; Schema: public; Owner: amakonana
--

ALTER TABLE ONLY public.transaction_salestransaction
    ADD CONSTRAINT transaction_salestra_emi_debtor_id_03e587f1_fk_transacti FOREIGN KEY (emi_debtor_id) REFERENCES public.transaction_emidebtor(id) DEFERRABLE INITIALLY DEFERRED;


--
-- Name: transaction_salestransaction transaction_salestra_enterprise_id_3cc11c79_fk_enterpris; Type: FK CONSTRAINT; Schema: public; Owner: amakonana
--

ALTER TABLE ONLY public.transaction_salestransaction
    ADD CONSTRAINT transaction_salestra_enterprise_id_3cc11c79_fk_enterpris FOREIGN KEY (enterprise_id) REFERENCES public.enterprise_enterprise(id) DEFERRABLE INITIALLY DEFERRED;


--
-- Name: transaction_scheme transaction_scheme_branch_id_524f63c3_fk_enterprise_branch_id; Type: FK CONSTRAINT; Schema: public; Owner: amakonana
--

ALTER TABLE ONLY public.transaction_scheme
    ADD CONSTRAINT transaction_scheme_branch_id_524f63c3_fk_enterprise_branch_id FOREIGN KEY (branch_id) REFERENCES public.enterprise_branch(id) DEFERRABLE INITIALLY DEFERRED;


--
-- Name: transaction_scheme transaction_scheme_brand_id_d6e5a80b_fk_inventory_brand_id; Type: FK CONSTRAINT; Schema: public; Owner: amakonana
--

ALTER TABLE ONLY public.transaction_scheme
    ADD CONSTRAINT transaction_scheme_brand_id_d6e5a80b_fk_inventory_brand_id FOREIGN KEY (brand_id) REFERENCES public.inventory_brand(id) DEFERRABLE INITIALLY DEFERRED;


--
-- Name: transaction_scheme transaction_scheme_enterprise_id_da584643_fk_enterpris; Type: FK CONSTRAINT; Schema: public; Owner: amakonana
--

ALTER TABLE ONLY public.transaction_scheme
    ADD CONSTRAINT transaction_scheme_enterprise_id_da584643_fk_enterpris FOREIGN KEY (enterprise_id) REFERENCES public.enterprise_enterprise(id) DEFERRABLE INITIALLY DEFERRED;


--
-- Name: transaction_scheme transaction_scheme_phone_id_a48e8e6e_fk_inventory_phone_id; Type: FK CONSTRAINT; Schema: public; Owner: amakonana
--

ALTER TABLE ONLY public.transaction_scheme
    ADD CONSTRAINT transaction_scheme_phone_id_a48e8e6e_fk_inventory_phone_id FOREIGN KEY (phone_id) REFERENCES public.inventory_phone(id) DEFERRABLE INITIALLY DEFERRED;


--
-- Name: transaction_scheme_sales transaction_scheme_s_sales_id_11df9457_fk_transacti; Type: FK CONSTRAINT; Schema: public; Owner: amakonana
--

ALTER TABLE ONLY public.transaction_scheme_sales
    ADD CONSTRAINT transaction_scheme_s_sales_id_11df9457_fk_transacti FOREIGN KEY (sales_id) REFERENCES public.transaction_sales(id) DEFERRABLE INITIALLY DEFERRED;


--
-- Name: transaction_scheme_sales transaction_scheme_s_scheme_id_66487a4c_fk_transacti; Type: FK CONSTRAINT; Schema: public; Owner: amakonana
--

ALTER TABLE ONLY public.transaction_scheme_sales
    ADD CONSTRAINT transaction_scheme_s_scheme_id_66487a4c_fk_transacti FOREIGN KEY (scheme_id) REFERENCES public.transaction_scheme(id) DEFERRABLE INITIALLY DEFERRED;


--
-- Name: transaction_subscheme transaction_subschem_scheme_id_e96c62e0_fk_transacti; Type: FK CONSTRAINT; Schema: public; Owner: amakonana
--

ALTER TABLE ONLY public.transaction_subscheme
    ADD CONSTRAINT transaction_subschem_scheme_id_e96c62e0_fk_transacti FOREIGN KEY (scheme_id) REFERENCES public.transaction_scheme(id) DEFERRABLE INITIALLY DEFERRED;


--
-- Name: transaction_vendor transaction_vendor_branch_id_fa33fbb2_fk_enterprise_branch_id; Type: FK CONSTRAINT; Schema: public; Owner: amakonana
--

ALTER TABLE ONLY public.transaction_vendor
    ADD CONSTRAINT transaction_vendor_branch_id_fa33fbb2_fk_enterprise_branch_id FOREIGN KEY (branch_id) REFERENCES public.enterprise_branch(id) DEFERRABLE INITIALLY DEFERRED;


--
-- Name: transaction_vendor transaction_vendor_brand_id_70af1de3_fk_inventory_brand_id; Type: FK CONSTRAINT; Schema: public; Owner: amakonana
--

ALTER TABLE ONLY public.transaction_vendor
    ADD CONSTRAINT transaction_vendor_brand_id_70af1de3_fk_inventory_brand_id FOREIGN KEY (brand_id) REFERENCES public.inventory_brand(id) DEFERRABLE INITIALLY DEFERRED;


--
-- Name: transaction_vendor transaction_vendor_enterprise_id_04e095a4_fk_enterpris; Type: FK CONSTRAINT; Schema: public; Owner: amakonana
--

ALTER TABLE ONLY public.transaction_vendor
    ADD CONSTRAINT transaction_vendor_enterprise_id_04e095a4_fk_enterpris FOREIGN KEY (enterprise_id) REFERENCES public.enterprise_enterprise(id) DEFERRABLE INITIALLY DEFERRED;


--
-- Name: transaction_vendortransaction transaction_vendortr_branch_id_74760070_fk_enterpris; Type: FK CONSTRAINT; Schema: public; Owner: amakonana
--

ALTER TABLE ONLY public.transaction_vendortransaction
    ADD CONSTRAINT transaction_vendortr_branch_id_74760070_fk_enterpris FOREIGN KEY (branch_id) REFERENCES public.enterprise_branch(id) DEFERRABLE INITIALLY DEFERRED;


--
-- Name: transaction_vendortransaction transaction_vendortr_enterprise_id_830a2192_fk_enterpris; Type: FK CONSTRAINT; Schema: public; Owner: amakonana
--

ALTER TABLE ONLY public.transaction_vendortransaction
    ADD CONSTRAINT transaction_vendortr_enterprise_id_830a2192_fk_enterpris FOREIGN KEY (enterprise_id) REFERENCES public.enterprise_enterprise(id) DEFERRABLE INITIALLY DEFERRED;


--
-- Name: transaction_vendortransaction transaction_vendortr_purchase_transaction_b86d5b6c_fk_transacti; Type: FK CONSTRAINT; Schema: public; Owner: amakonana
--

ALTER TABLE ONLY public.transaction_vendortransaction
    ADD CONSTRAINT transaction_vendortr_purchase_transaction_b86d5b6c_fk_transacti FOREIGN KEY (purchase_transaction_id) REFERENCES public.transaction_purchasetransaction(id) DEFERRABLE INITIALLY DEFERRED;


--
-- Name: transaction_vendortransaction transaction_vendortr_vendor_id_1af51316_fk_transacti; Type: FK CONSTRAINT; Schema: public; Owner: amakonana
--

ALTER TABLE ONLY public.transaction_vendortransaction
    ADD CONSTRAINT transaction_vendortr_vendor_id_1af51316_fk_transacti FOREIGN KEY (vendor_id) REFERENCES public.transaction_vendor(id) DEFERRABLE INITIALLY DEFERRED;


--
-- Name: userauth_user_groups userauth_user_groups_group_id_248add28_fk_auth_group_id; Type: FK CONSTRAINT; Schema: public; Owner: amakonana
--

ALTER TABLE ONLY public.userauth_user_groups
    ADD CONSTRAINT userauth_user_groups_group_id_248add28_fk_auth_group_id FOREIGN KEY (group_id) REFERENCES public.auth_group(id) DEFERRABLE INITIALLY DEFERRED;


--
-- Name: userauth_user_groups userauth_user_groups_user_id_4e653733_fk_userauth_user_id; Type: FK CONSTRAINT; Schema: public; Owner: amakonana
--

ALTER TABLE ONLY public.userauth_user_groups
    ADD CONSTRAINT userauth_user_groups_user_id_4e653733_fk_userauth_user_id FOREIGN KEY (user_id) REFERENCES public.userauth_user(id) DEFERRABLE INITIALLY DEFERRED;


--
-- Name: userauth_user_user_permissions userauth_user_user_p_permission_id_f1415beb_fk_auth_perm; Type: FK CONSTRAINT; Schema: public; Owner: amakonana
--

ALTER TABLE ONLY public.userauth_user_user_permissions
    ADD CONSTRAINT userauth_user_user_p_permission_id_f1415beb_fk_auth_perm FOREIGN KEY (permission_id) REFERENCES public.auth_permission(id) DEFERRABLE INITIALLY DEFERRED;


--
-- Name: userauth_user_user_permissions userauth_user_user_p_user_id_e644b2fd_fk_userauth_; Type: FK CONSTRAINT; Schema: public; Owner: amakonana
--

ALTER TABLE ONLY public.userauth_user_user_permissions
    ADD CONSTRAINT userauth_user_user_p_user_id_e644b2fd_fk_userauth_ FOREIGN KEY (user_id) REFERENCES public.userauth_user(id) DEFERRABLE INITIALLY DEFERRED;


--
-- PostgreSQL database dump complete
--

